spieler_id,name,verein,news_headline,news_link,news_count_7d,transfer_news_flag,stammplatz_news_flag
30755,Neuer,1. FC Bayern München,Nach WM-Aus: Neuer bestätigt DFB-Rücktritt,https://www.ligainsider.de/manuel-neuer_114/nach-wm-aus-neuer-bestaetigt-dfb-ruecktritt-414608/,0,0,0
34101,Klanac,1. FC Bayern München,FC Bayern gibt Kader für Klub-WM bekannt,https://www.ligainsider.de/fc-bayern-muenchen/1/fc-bayern-muenchen-gibt-kader-fuer-klub-wm-bekannt-379314/,0,0,0
34284,Bärtl,1. FC Bayern München,,,0,0,0
34353,Prescott,1. FC Bayern München,,,0,0,0
31216,Ulreich,1. FC Bayern München,Ulreich hängt ein Jahr beim FC Bayern dran,https://www.ligainsider.de/sven-ulreich_205/ulreich-haengt-ein-jahr-beim-fc-bayern-dran-413396/,0,0,0
33494,Urbig,1. FC Bayern München,Urbig kriegt Ein­satzga­ran­tie für Heidenheim,https://www.ligainsider.de/jonas-urbig_26101/urbig-kriegt-einsatzgarantie-fuer-heidenheim-412668/,0,0,0
34205,Kiala,1. FC Bayern München,,,0,0,0
33975,Brown,1. FC Bayern München,Davies nimmt Kon­kur­renzkampf mit Brown an,https://www.ligainsider.de/alphonso-davies_20098/davies-nimmt-konkurrenzkampf-mit-brown-an-415162/,1,0,0
33894,Boey,1. FC Bayern München,Galatasaray plant Gespräche wegen Boey,https://www.ligainsider.de/sacha-boey_23034/galatasaray-plant-gespraeche-wegen-boey-412832/,0,0,0
33823,Kim,1. FC Bayern München,Bayern plant weiter mit Kim,https://www.ligainsider.de/minjae-kim_27022/bayern-plant-weiter-mit-kim-415030/,0,0,0
33796,Buchmann,1. FC Bayern München,Buchmann fällt bis auf Weiteres aus,https://www.ligainsider.de/tarek-buchmann_35784/buchmann-faellt-bis-auf-weiteres-aus-415021/,0,0,0
33496,Itō,1. FC Bayern München,Ito darf Bayern bei passendem Angebot verlassen,https://www.ligainsider.de/hiroki-ito_26128/ito-darf-bayern-bei-passendem-angebot-verlassen-413052/,0,0,0
32720,Upamecano,1. FC Bayern München,Upamecano bekommt gegen Mainz eine Pause,https://www.ligainsider.de/dayot-upamecano_11541/upamecano-bekommt-gegen-mainz-eine-pause-412404/,0,0,0
33386,Stanišić,1. FC Bayern München,Stanišić im Training: Per­sonalup­da­te vor Stuttgart,https://www.ligainsider.de/josip-stanisic_20102/stanisi-im-training-personalupdate-vor-stuttgart-412025/,0,0,0
32157,Tah,1. FC Bayern München,Tah fehlt Bayern gegen Union Berlin,https://www.ligainsider.de/jonathan-tah_2385/tah-fehlt-bayern-gegen-union-berlin-410384/,0,0,0
32800,Laimer,1. FC Bayern München,Offiziell: Laimer verlängert beim FC Bayern bis 2029,https://www.ligainsider.de/konrad-laimer_6324/offiziell-laimer-verlaengert-beim-fc-bayern-bis-2029-415264/,1,0,0
33021,Davies,1. FC Bayern München,Rückkehrplan: Karl und Co. erst nach Asien-Tour dabei,https://www.ligainsider.de/fc-bayern-muenchen/1/rueckkehrplan-karl-und-co-erst-nach-asien-tour-dabei-415249/,3,0,0
34206,Karl,1. FC Bayern München,Rückkehrplan: Karl und Co. erst nach Asien-Tour dabei,https://www.ligainsider.de/fc-bayern-muenchen/1/rueckkehrplan-karl-und-co-erst-nach-asien-tour-dabei-415249/,2,0,0
34207,Santos Daiber,1. FC Bayern München,,,0,0,0
32445,Kimmich,1. FC Bayern München,Schonung vor PSG: Bayern verzichtet auf Kimmich,https://www.ligainsider.de/joshua-kimmich_5768/schonung-vor-psg-bayern-verzichtet-auf-kimmich-412399/,0,0,0
34328,Chávez,1. FC Bayern München,Köln verab­schie­det Bayern-Profi Chávez,https://www.ligainsider.de/felipe-chavez_38426/koeln-verabschiedet-bayern-profi-chavez-413996/,0,0,0
34357,Osmani,1. FC Bayern München,,,0,0,0
33504,Bischof,1. FC Bayern München,Bischof absolviert Abschlusstrai­ning vor FCH-Spiel,https://www.ligainsider.de/tom-bischof_26133/bischof-absolviert-abschlusstraining-vor-fch-spiel-412695/,0,0,0
34018,João Palhinha,1. FC Bayern München,Aston Villa steigt in Pal­hin­ha-Po­ker ein,https://www.ligainsider.de/joao-palhinha_13287/aston-villa-steigt-in-palhinha-poker-ein-415114/,1,0,0
34466,Saibari,1. FC Bayern München,Rückkehrplan: Karl und Co. erst nach Asien-Tour dabei,https://www.ligainsider.de/fc-bayern-muenchen/1/rueckkehrplan-karl-und-co-erst-nach-asien-tour-dabei-415249/,1,0,0
33713,Ibrahimović,1. FC Bayern München,Offiziell: Bayern verlängert mit Ibrahimović,https://www.ligainsider.de/arijon-ibrahimovic_27354/offiziell-bayern-verlaengert-mit-ibrahimovi-414833/,0,0,0
33236,Musiala,1. FC Bayern München,Rückkehrplan: Karl und Co. erst nach Asien-Tour dabei,https://www.ligainsider.de/fc-bayern-muenchen/1/rueckkehrplan-karl-und-co-erst-nach-asien-tour-dabei-415249/,1,0,0
33854,Pavlović,1. FC Bayern München,Pav­lović-Experi­ment gegen FCH misslingt,https://www.ligainsider.de/aleksandar-pavlovic_35918/pavlovi-experiment-gegen-fch-misslingt-412753/,0,0,0
34254,Luis Díaz,1. FC Bayern München,Bayern ohne Erfolg: Díaz-Sperre bleibt bestehen,https://www.ligainsider.de/luis-diaz_22566/bayern-ohne-erfolg-diaz-sperre-bleibt-bestehen-410495/,0,0,0
34261,Mike,1. FC Bayern München,,,0,0,0
33898,Zaragoza,1. FC Bayern München,Zaragoza fehlt im Bayern-Trai­ning,https://www.ligainsider.de/bryan-zaragoza_36856/zaragoza-fehlt-im-bayern-training-415305/,1,0,0
33838,Kane,1. FC Bayern München,Kane vor Bayern-Verlänge­rung,https://www.ligainsider.de/harry-kane_4828/kane-vor-bayern-verlaengerung-414600/,0,0,0
34350,Cardozo,1. FC Bayern München,,,0,0,0
34006,Sieb,1. FC Bayern München,Sieb kehrt nach Mainz-Leihe zum FC Bayern zurück,https://www.ligainsider.de/armindo-sieb_24114/sieb-kehrt-nach-mainz-leihe-zum-fc-bayern-zurueck-412911/,0,0,0
32696,Gnabry,1. FC Bayern München,Rückkehrplan: Karl und Co. erst nach Asien-Tour dabei,https://www.ligainsider.de/fc-bayern-muenchen/1/rueckkehrplan-karl-und-co-erst-nach-asien-tour-dabei-415249/,1,0,0
34014,Olise,1. FC Bayern München,Real Madrid dementiert Oli­se-Gerüchte deutlich,https://www.ligainsider.de/michael-olise_37170/real-madrid-dementiert-olise-geruechte-deutlich-414408/,0,0,0
33440,Ramaj,Borussia Dortmund,Ramaj strebt BVB-Abgang an,https://www.ligainsider.de/diant-ramaj_20836/ramaj-strebt-bvb-abgang-an-414925/,0,0,0
31988,Drewes,Borussia Dortmund,Offiziell: Dortmund verstärkt Torwart-Team mit Bochums Drewes,https://www.ligainsider.de/patrick-drewes_1981/borussia-dortmund-verstaerkt-torwart-team-mit-bochums-drewes-380044/,0,0,0
33539,Ostrzinski,Borussia Dortmund,Klub-WM: Das ist der Kader von Borussia Dortmund,https://www.ligainsider.de/borussia-dortmund/14/klub-wm-das-ist-der-kader-von-borussia-dortmund-379345/,0,0,0
32638,Kobel,Borussia Dortmund,BVB-Zukunft: Wer verlängern soll und wer nicht,https://www.ligainsider.de/borussia-dortmund/14/bvb-zukunft-wer-verlaengern-soll-und-wer-nicht-414309/,0,0,0
32841,Meyer,Borussia Dortmund,Trotz Rekordjagd: Kovač lässt Tür für Meyer offen,https://www.ligainsider.de/alexander-meyer_14604/trotz-rekordjagd-kova-laesst-tuer-fuer-meyer-offen-412889/,0,0,0
34346,Reggiani,Borussia Dortmund,Reggiani weckt Interesse in der Serie A,https://www.ligainsider.de/luca-reggiani_38816/reggiani-weckt-interesse-in-der-serie-a-414968/,0,0,0
34033,Couto,Borussia Dortmund,Cou­to-Wechsel zu Como nimmt wieder Fahrt auf,https://www.ligainsider.de/yan-couto_23748/couto-wechsel-zu-como-nimmt-wieder-fahrt-auf-414846/,0,0,0
34066,Kabar,Borussia Dortmund,Kabar strebt BVB-Abschied an,https://www.ligainsider.de/almugera-kabar_37161/kabar-strebt-bvb-abschied-an-414503/,0,0,0
34084,Mané,Borussia Dortmund,BVB-Abreise nach Bremen ohne Mane und Albert,https://www.ligainsider.de/filippo-mane_37067/bvb-abreise-nach-bremen-ohne-mane-und-albert-413399/,0,0,0
31935,Can,Borussia Dortmund,Offiziell: Emre Can verlängert beim BVB,https://www.ligainsider.de/emre-can_1812/offiziell-emre-can-verlaengert-beim-bvb-410753/,0,0,0
33167,Bensebaini,Borussia Dortmund,BVB-Zukunft: Wer verlängern soll und wer nicht,https://www.ligainsider.de/borussia-dortmund/14/bvb-zukunft-wer-verlaengern-soll-und-wer-nicht-414309/,0,0,0
33141,Ryerson,Borussia Dortmund,Entwarnung bei Ryerson nach WM-Aus­wechslung,https://www.ligainsider.de/julian-ryerson_18478/entwarnung-bei-ryerson-nach-wm-auswechslung-415064/,0,0,0
33038,N. Schlotterbeck,Borussia Dortmund,,,0,0,0
34422,Gadou,Borussia Dortmund,BVB-Trainer Kovač schwärmt von Neuzugang Gadou,https://www.ligainsider.de/joane-gadou_37021/bvb-trainer-kova-schwaermt-von-neuzugang-gadou-413357/,0,0,0
34423,Prates,Borussia Dortmund,Neuzugang Prates verpasst BVB-Tour in Japan,https://www.ligainsider.de/kaua-prates_38741/neuzugang-prates-verpasst-bvb-tour-in-japan-415172/,1,0,0
32452,Anton,Borussia Dortmund,BVB-Zukunft: Wer verlängern soll und wer nicht,https://www.ligainsider.de/borussia-dortmund/14/bvb-zukunft-wer-verlaengern-soll-und-wer-nicht-414309/,0,0,0
34114,Svensson,Borussia Dortmund,Kovač kann für HSV-Spiel mit Svensson  planen,https://www.ligainsider.de/daniel-svensson_38304/kova-kann-fuer-hsv-spiel-mit-svensson-planen-410629/,0,0,0
34364,Kaba,Borussia Dortmund,BVB baut Kaba behutsam wieder auf,https://www.ligainsider.de/mussa-kaba_38783/bvb-baut-kaba-behutsam-wieder-auf-415065/,0,0,0
34200,Bellingham,Borussia Dortmund,Bellingham meldet sich rechtzeitig gesund,https://www.ligainsider.de/jobe-bellingham_38153/bellingham-meldet-sich-rechtzeitig-gesund-412755/,0,0,0
34117,Chukwuemeka,Borussia Dortmund,Chukwuemeka steigt nach WM frühzeitig wieder ein,https://www.ligainsider.de/carney-chukwuemeka_26083/chukwuemeka-steigt-nach-wm-fruehzeitig-wieder-ein-415171/,1,0,0
34424,Lerma,Borussia Dortmund,BVB-Neuzu­gang Lerma ab Sommer bei den Profis,https://www.ligainsider.de/justin-lerma_37104/bvb-neuzugang-lerma-ab-sommer-bei-den-profis-403204/,0,0,0
33498,F. Nmecha,Borussia Dortmund,,,0,0,0
32590,Sabitzer,Borussia Dortmund,BVB-Zukunft: Wer verlängern soll und wer nicht,https://www.ligainsider.de/borussia-dortmund/14/bvb-zukunft-wer-verlaengern-soll-und-wer-nicht-414309/,0,0,0
34283,Fábio Silva,Borussia Dortmund,Asllani: Leipzig statt Dortmund?,https://www.ligainsider.de/fisnik-asllani_21986/asllani-leipzig-statt-dortmund-415129/,1,0,0
34347,Inácio,Borussia Dortmund,Bis 2029: BVB verlängert mit Inácio,https://www.ligainsider.de/samuele-inacio_37188/bis-2029-bvb-verlaengert-mit-inacio-413348/,0,0,0
34362,Albert,Borussia Dortmund,BVB gibt Talent Albert Chance in der Vorbereitung,https://www.ligainsider.de/mathis-albert_38572/bvb-gibt-talent-albert-chance-in-der-vorbereitung-414726/,0,0,0
33208,Beier,Borussia Dortmund,DFB: Kovač zeigt Verständnis und Zuversicht bei Beier,https://www.ligainsider.de/maximilian-beier_20804/dfb-kova-zeigt-verstaendnis-und-zuversicht-bei-beier-410829/,0,0,0
32667,Guirassy,Borussia Dortmund,Guirassy wieder ein­satzbe­reit,https://www.ligainsider.de/serhou-guirassy_10454/guirassy-wieder-einsatzbereit-415213/,2,0,0
33575,Adeyemi,Borussia Dortmund,Barça-Boss Laporta: „Freuen uns über Adeyemi“,https://www.ligainsider.de/karim-adeyemi_23718/barca-boss-laporta-bdquo-freuen-uns-ueber-adeyemi-ldquo-414997/,0,0,0
32267,Zingerle,RB Leipzig,Zingerle feiert Comeback im Testspiel,https://www.ligainsider.de/leopold-zingerle_2452/zingerle-feiert-comeback-im-testspiel-415201/,1,0,0
32575,Gulácsi,RB Leipzig,Werner bestätigt Gulácsi-Rückkehr ins RB-Tor,https://www.ligainsider.de/peter-gulacsi_6429/werner-bestaetigt-gulacsi-rueckkehr-ins-rb-tor-413347/,0,0,0
33919,Vandevoordt,RB Leipzig,Werner bestätigt Gulácsi-Rückkehr ins RB-Tor,https://www.ligainsider.de/peter-gulacsi_6429/werner-bestaetigt-gulacsi-rueckkehr-ins-rb-tor-413347/,0,0,0
31846,W. Orbán,RB Leipzig,,,0,0,0
33837,Lukeba,RB Leipzig,Leipzig ist auf Luke­ba-Transfer aus,https://www.ligainsider.de/castello-lukeba_27079/leipzig-ist-auf-lukeba-transfer-aus-413201/,0,0,0
33848,Finkgräfe,RB Leipzig,,,0,0,0
34479,Estève,RB Leipzig,Offiziell: Estève wechselt zu RB Leipzig,https://www.ligainsider.de/maxime-esteve_38844/offiziell-esteve-wechselt-zu-rb-leipzig-415163/,1,1,0
34055,Geertruida,RB Leipzig,Option verstrichen: Geertruida bleibt heiße Aktie,https://www.ligainsider.de/lutsharel-geertruida_16366/option-verstrichen-geertruida-bleibt-heisse-aktie-414170/,0,0,0
34431,Koné,RB Leipzig,Kein neuer Vertrag: RB plant Zukunft ohne Orbán,https://www.ligainsider.de/willi-orban_1667/kein-neuer-vertrag-rb-plant-zukunft-ohne-orban-410210/,0,0,0
33824,Bitshiabu,RB Leipzig,Werner: Bitshiabu bringt „absolut alles“ mit,https://www.ligainsider.de/el-chadaille-bitshiabu_24578/werner-bitshiabu-bringt-bdquo-absolut-alles-ldquo-mit-412960/,0,0,0
32461,Henrichs,RB Leipzig,RB-Jokern winkt Chance gegen Freiburg,https://www.ligainsider.de/rb-leipzig/1311/rb-jokern-winkt-chance-gegen-freiburg-413346/,0,0,0
33436,Raum,RB Leipzig,RB Leipzig im Austausch mit Raum-Seite,https://www.ligainsider.de/david-raum_12557/rb-leipzig-im-austausch-mit-raum-seite-413578/,0,0,0
32581,Klostermann,RB Leipzig,Entwarnung bei Klostermann,https://www.ligainsider.de/lukas-klostermann_5622/entwarnung-bei-klostermann-412148/,0,0,0
32889,Baku,RB Leipzig,Vertrag­sop­tion ermöglicht Baku RB-Verlänge­rung,https://www.ligainsider.de/ridle-baku_15835/vertragsoption-ermoeglicht-baku-rb-verlaengerung-413198/,0,0,0
33769,Seiwald,RB Leipzig,Seiwald zurück im Training,https://www.ligainsider.de/nicolas-seiwald_24619/seiwald-zurueck-im-training-412523/,0,0,0
34348,Kaltefleiter,RB Leipzig,Leipzig bindet Ei­gen­gewächs Kaltefleiter,https://www.ligainsider.de/benno-kaltefleiter_38764/leipzig-bindet-eigengewaechs-kaltefleiter-409113/,0,0,0
34238,Maksimović,RB Leipzig,Maksimović verzichtet für RB auf die U19-EM,https://www.ligainsider.de/andrija-maksimovic_37867/maksimovi-verzichtet-fuer-rb-auf-die-u19-em-414514/,0,0,0
34185,Banzuzi,RB Leipzig,Banzuzi zurück im Training – Einsatz noch offen,https://www.ligainsider.de/ezechiel-banzuzi_38383/banzuzi-zurueck-im-training-ndash-einsatz-noch-offen-412948/,0,0,0
34119,Masanka Bungi,RB Leipzig,RB Leipzig verleiht Masanka Bungi in die MLS,https://www.ligainsider.de/joyeux-masanka-bungi_37241/rb-leipzig-verleiht-masanka-bungi-in-die-mls-409460/,0,0,0
34049,Vermeeren,RB Leipzig,Offiziell: Vermeeren per Leihe nach Marseille,https://www.ligainsider.de/arthur-vermeeren_36361/offiziell-vermeeren-per-leihe-nach-marseille-401400/,0,0,0
34042,Gebel,RB Leipzig,Kreuz­bandriss bei Leip­zig-Ta­lent Viggo Gebel,https://www.ligainsider.de/viggo-gebel_37240/kreuzbandriss-bei-leipzig-talent-viggo-gebel-403643/,0,0,0
33695,Gruda,RB Leipzig,Offiziell: Gruda zurück bei RB Leipzig,https://www.ligainsider.de/brajan-gruda_35733/offiziell-gruda-zurueck-bei-rb-leipzig-415005/,0,0,0
33991,Ouédraogo,RB Leipzig,DFB nominiert Ouédraogo für WM-Kader nach,https://www.ligainsider.de/assan-ouedraogo_36735/dfb-nominiert-ouedraogo-fuer-wm-kader-nach-414029/,0,0,0
32977,Baumgartner,RB Leipzig,Nach WM-Aus: Schäfer mit Update zu Baumgartner,https://www.ligainsider.de/christoph-baumgartner_18640/nach-wm-aus-schaefer-mit-update-zu-baumgartner-415004/,0,0,0
33353,Reitz,RB Leipzig,Zurück auf dem Platz: Reitz arbeitet an Comeback,https://www.ligainsider.de/rocco-reitz_24546/zurueck-auf-dem-platz-reitz-arbeitet-an-comeback-415018/,0,0,0
33878,Elmas,RB Leipzig,Elmas per Leihe zurück zur SSC Neapel,https://www.ligainsider.de/eljif-elmas_21900/elmas-per-leihe-zurueck-zur-ssc-neapel-401564/,0,0,0
34339,Thomas,RB Leipzig,RB Leipzig nimmt Thomas bis Sommer heraus,https://www.ligainsider.de/ayodele-thomas_38746/rb-leipzig-nimmt-thomas-bis-sommer-heraus-412951/,0,0,0
34330,Sani,RB Leipzig,Sani zurück im Mannschafts­trai­ning,https://www.ligainsider.de/suleman-sani_38787/sani-zurueck-im-mannschaftstraining-412949/,0,0,0
34309,Konaté,RB Leipzig,Samba Konaté feiert Debüt bei den RB-Profis,https://www.ligainsider.de/samba-konate_38757/samba-konate-feiert-debuet-bei-den-rb-profis-405421/,0,0,0
34295,Harder,RB Leipzig,RB-Jokern winkt Chance gegen Freiburg,https://www.ligainsider.de/rb-leipzig/1311/rb-jokern-winkt-chance-gegen-freiburg-413346/,0,0,0
34271,Rômulo,RB Leipzig,Rômulo tankt nach Treffer mehr Selbstvertrauen,https://www.ligainsider.de/romulo-cardoso_38565/romulo-tankt-nach-treffer-mehr-selbstvertrauen-409860/,0,0,0
34250,Ramšak,RB Leipzig,Ramšak wechselt Leihklub: RB-Talent zu Sandhausen,https://www.ligainsider.de/robert-ramsak_37238/ramsak-wechselt-leihklub-rb-talent-zu-sandhausen-408286/,0,0,0
34240,Bakayoko,RB Leipzig,Florenz interessiert sich für Leipzigs Bakayoko,https://www.ligainsider.de/johan-bakayoko_35421/florenz-interessiert-sich-fuer-leipzigs-bakayoko-414470/,0,0,0
34237,Diomande,RB Leipzig,Dioman­de-Zu­kunft weiter ungeklärt,https://www.ligainsider.de/yan-diomande_38631/diomande-zukunft-weiter-ungeklaert-415084/,1,0,0
34116,T. Gomis,RB Leipzig,,,0,0,0
34039,Nusa,RB Leipzig,Premier League wirbt um Leipzigs Nusa,https://www.ligainsider.de/antonio-nusa_37124/premier-league-wirbt-um-leipzigs-nusa-414901/,0,0,0
31827,Blaswich,Bayer 04 Leverkusen,Hjulmand schaut für Flek­ken-Rückkehr auf nächste Woche,https://www.ligainsider.de/mark-flekken_4530/hjulmand-schaut-fuer-flekken-rueckkehr-auf-naechste-woche-412446/,0,0,0
32007,Lomb,Bayer 04 Leverkusen,Er­satztor­wart Lomb bleibt über den Sommer hinaus in Leverkusen,https://www.ligainsider.de/niklas-lomb_2226/bayer-leverkusen-verlaengert-auslaufenden-vertrag-mit-niklas-lomb-355691/,0,0,0
32925,Flekken,Bayer 04 Leverkusen,Hjulmand stellt Flek­ken-Rückkehr in Aussicht,https://www.ligainsider.de/mark-flekken_4530/hjulmand-stellt-flekken-rueckkehr-in-aussicht-412608/,0,0,0
34190,I. Traoré,Bayer 04 Leverkusen,,,0,0,0
33772,Arthur,Bayer 04 Leverkusen,Viel Tempo: Tella und Culbreath aktuell gesetzt,https://www.ligainsider.de/nathan-tella_36300/viel-tempo-tella-und-culbreath-aktuell-gesetzt-413016/,0,0,0
34201,Tape,Bayer 04 Leverkusen,Physis-Defi­zit steht „Top­ta­lent“ Tape noch im Weg,https://www.ligainsider.de/axel-tape_38260/physis-defizit-steht-bdquo-toptalent-ldquo-tape-noch-im-weg-409910/,0,0,0
34212,Faye,Bayer 04 Leverkusen,Leverkusen verleiht Neuzugang Faye an Lorient weiter,https://www.ligainsider.de/abdoulaye-faye_38563/bayer-04-leverkusen-verleiht-neuzugang-faye-an-lorient-weiter-382014/,0,0,0
33630,Oermann,Bayer 04 Leverkusen,Oermann wartet weiter auf seine Chance,https://www.ligainsider.de/tim-oermann_26552/oermann-wartet-weiter-auf-seine-chance-411296/,0,0,0
34217,Quansah,Bayer 04 Leverkusen,Quansah für Achtelfinale in Mexiko wieder fit,https://www.ligainsider.de/jarell-quansah_36489/quansah-fuer-achtelfinale-in-mexiko-wieder-fit-414747/,0,0,0
33207,Tapsoba,Bayer 04 Leverkusen,Vertrag bis 2031: Tapsoba verlängert in Leverkusen,https://www.ligainsider.de/edmond-tapsoba_19022/vertrag-bis-2031-tapsoba-verlaengert-in-leverkusen-412554/,0,0,0
34272,Badé,Bayer 04 Leverkusen,Badé hofft auf mehr Spielzeit unter Martínez,https://www.ligainsider.de/loic-bade_35823/bade-hofft-auf-mehr-spielzeit-unter-martinez-415306/,1,0,0
34277,Lucas Vázquez,Bayer 04 Leverkusen,Überan­ge­bot: B04 will die Flügel stutzen,https://www.ligainsider.de/bayer-04-leverkusen/4/ueberangebot-b04-will-die-fluegel-stutzen-414987/,0,0,0
33988,Belocian,Bayer 04 Leverkusen,Belocian kehrt nach Leverkusen zurück,https://www.ligainsider.de/jeanuel-belocian_35601/belocian-kehrt-nach-leverkusen-zurueck-413818/,0,0,0
34360,J. Mensah,Bayer 04 Leverkusen,,,0,0,0
34264,Poku,Bayer 04 Leverkusen,Überan­ge­bot: B04 will die Flügel stutzen,https://www.ligainsider.de/bayer-04-leverkusen/4/ueberangebot-b04-will-die-fluegel-stutzen-414987/,0,0,0
33992,García,Bayer 04 Leverkusen,García taucht wieder auf Radar von Atlético auf,https://www.ligainsider.de/aleix-garcia_7138/garcia-taucht-wieder-auf-radar-von-atletico-auf-414380/,0,0,0
33853,Tella,Bayer 04 Leverkusen,Tella will Frust in Stärke verwandeln,https://www.ligainsider.de/nathan-tella_36300/tella-will-frust-in-staerke-verwandeln-415115/,1,0,0
32080,J. Hofmann,Bayer 04 Leverkusen,,,0,0,0
32129,Andrich,Bayer 04 Leverkusen,Eintracht muss bei Andrich erst einmal warten,https://www.ligainsider.de/robert-andrich_2590/eintracht-muss-bei-andrich-erst-einmal-warten-415258/,1,0,0
34448,Eichhorn,Bayer 04 Leverkusen,Eichhorn muss weiter auf Debüt für Bayer 04 warten,https://www.ligainsider.de/kennet-eichhorn_38775/eichhorn-muss-weiter-auf-debuet-fuer-bayer-04-warten-415327/,2,0,0
33189,Palacios,Bayer 04 Leverkusen,Kennet Eichhorn: Dieser Spieler wird alle über­raschen!,https://www.ligainsider.de/kennet-eichhorn_38775/kennet-eichhorn-dieser-spieler-wird-alle-ueberraschen-414127/,0,0,0
33530,Tillman,Bayer 04 Leverkusen,Neue Chance: Martínez plant mit Tillman,https://www.ligainsider.de/malik-tillman_23862/neue-chance-martinez-plant-mit-tillman-414296/,0,0,0
33709,Mbamba,Bayer 04 Leverkusen,Leverkusen verlängert Mbamba-Leihe um weitere Saison,https://www.ligainsider.de/noah-mbamba_26899/bayer-04-leverkusen-verlaengert-mbamba-leihe-um-weitere-saison-375369/,0,0,0
33744,Maza,Bayer 04 Leverkusen,Interesse an Maza: Bayer 04 schiebt Verkauf Riegel vor,https://www.ligainsider.de/ibrahim-maza_35905/interesse-an-maza-bayer-04-schiebt-verkauf-riegel-vor-414226/,0,0,0
34441,Berghoff,Bayer 04 Leverkusen,,,0,0,0
34289,Fernández,Bayer 04 Leverkusen,Benfica beschäftigt sich mit Equi Fernández,https://www.ligainsider.de/equi-fernandez_38674/benfica-beschaeftigt-sich-mit-equi-fernandez-414759/,0,0,0
34311,Culbreath,Bayer 04 Leverkusen,Offiziell: Culbreath verlängert bis 2031 in Leverkusen,https://www.ligainsider.de/montrell-culbreath_37258/offiziell-culbreath-verlaengert-bis-2031-in-leverkusen-414494/,0,0,0
34428,Bomba,Bayer 04 Leverkusen,,,0,0,0
34433,Damjanović,Bayer 04 Leverkusen,Offiziell: Damjanović wechselt zu Bayer,https://www.ligainsider.de/aleksa-damjanovic_38753/offiziell-damjanovi-wechselt-zu-bayer-408816/,0,0,0
34285,Ben Seghir,Bayer 04 Leverkusen,Ben Seghir fehlt Leverkusen zwei bis drei Wochen,https://www.ligainsider.de/eliesse-ben-seghir_35709/ben-seghir-fehlt-leverkusen-zwei-bis-drei-wochen-415280/,3,0,0
34246,Alfa-Ruprecht,Bayer 04 Leverkusen,,,0,0,0
34234,Kofane,Bayer 04 Leverkusen,Rolfes stellt klar: Kofane soll bleiben,https://www.ligainsider.de/christian-kofane_38550/rolfes-stellt-klar-kofane-soll-bleiben-414785/,0,0,0
34085,Alajbegović,Bayer 04 Leverkusen,Auch Chelsea beobachtet Alajbegović,https://www.ligainsider.de/kerim-alajbegovic_38105/auch-chelsea-beobachtet-alajbegovi-415296/,1,0,0
34024,Terrier,Bayer 04 Leverkusen,Überan­ge­bot: B04 will die Flügel stutzen,https://www.ligainsider.de/bayer-04-leverkusen/4/ueberangebot-b04-will-die-fluegel-stutzen-414987/,0,0,0
33827,Boniface,Bayer 04 Leverkusen,Boniface schuftet schon vor Trai­ningsstart,https://www.ligainsider.de/victor-boniface_35360/boniface-schuftet-schon-vor-trainingsstart-414678/,0,0,0
33179,Schick,Bayer 04 Leverkusen,Schick beendet Karriere im Nationalteam,https://www.ligainsider.de/patrik-schick_7794/schick-beendet-karriere-im-nationalteam-414507/,0,0,0
34461,Moreira,Bayer 04 Leverkusen,Bayer Leverkusen verpflichtet Afonso Moreira,https://www.ligainsider.de/afonso-moreira_36841/bayer-leverkusen-verpflichtet-afonso-moreira-414353/,0,0,0
33401,M. Funk,VfB Stuttgart,,,0,0,0
33342,Drljača,VfB Stuttgart,Drljača fällt mit Mus­kelverlet­zung vorerst aus,https://www.ligainsider.de/stefan-drljaca_7606/drlja-a-faellt-mit-muskelverletzung-vorerst-aus-403448/,0,0,0
33747,Seimen,VfB Stuttgart,Nach Sei­men-Ausfall: VfB vertraut Bredlow,https://www.ligainsider.de/fabian-bredlow_6395/nach-seimen-ausfall-vfb-vertraut-bredlow-415344/,2,0,0
32891,Bredlow,VfB Stuttgart,Nach Sei­men-Ausfall: VfB vertraut Bredlow,https://www.ligainsider.de/fabian-bredlow_6395/nach-seimen-ausfall-vfb-vertraut-bredlow-415344/,1,0,0
33552,Chabot,VfB Stuttgart,Eingriff am Knie: Chabot tritt kürzer,https://www.ligainsider.de/julian-chabot_12583/eingriff-am-knie-chabot-tritt-kuerzer-415150/,1,0,0
33850,Stergiou,VfB Stuttgart,Thun blitzt mit erstem Ster­giou-Ange­bot ab,https://www.ligainsider.de/leonidas-stergiou_36303/thun-blitzt-mit-erstem-stergiou-angebot-ab-415325/,2,0,0
34001,Hendriks,VfB Stuttgart,Fer­senprob­le­me bremsen Hendriks aus,https://www.ligainsider.de/ramon-hendriks_23957/fersenprobleme-bremsen-hendriks-aus-415151/,1,0,0
34050,Al-Dakhil,VfB Stuttgart,,,0,0,0
34112,Jaquez,VfB Stuttgart,WM-Einsatz offen: Jaquez setzt mit Training aus,https://www.ligainsider.de/luca-jaquez_38305/wm-einsatz-offen-jaquez-setzt-mit-training-aus-414651/,0,0,0
34115,Jeltsch,VfB Stuttgart,Jeltsch kehrt auf den Platz zurück,https://www.ligainsider.de/finn-jeltsch_36816/jeltsch-kehrt-auf-den-platz-zurueck-413438/,0,0,0
34197,Assignon,VfB Stuttgart,Assignon kehrt frühestens Ende August zurück,https://www.ligainsider.de/lorenz-assignon_25114/assignon-kehrt-fruehestens-ende-august-zurueck-415324/,2,0,0
32509,Mittelstädt,VfB Stuttgart,,,0,0,0
32773,Zagadou,VfB Stuttgart,Offiziell: Zagadou verlängert beim VfB Stuttgart,https://www.ligainsider.de/dan-axel-zagadou_12683/offiziell-zagadou-verlaengert-beim-vfb-stuttgart-414672/,0,0,0
32880,Vagnoman,VfB Stuttgart,VfB blockt Leih-Anfrage für Vagnoman ab,https://www.ligainsider.de/josha-vagnoman_18427/vfb-blockt-leih-anfrage-fuer-vagnoman-ab-415233/,1,0,0
33411,Leweling,VfB Stuttgart,Bournemouth handelt sich Korb bei Leweling ein,https://www.ligainsider.de/jamie-leweling_21336/bournemouth-handelt-sich-korb-bei-leweling-ein-415234/,1,0,0
32830,Nartey,VfB Stuttgart,Offiziell: VfB verlängert mit Nartey,https://www.ligainsider.de/nikolas-nartey_13737/offiziell-vfb-verlaengert-mit-nartey-413349/,0,0,0
32858,Führich,VfB Stuttgart,,,0,0,0
34253,Chema Andrés,VfB Stuttgart,Real-Klausel für Chema abgelaufen,https://www.ligainsider.de/chema-andres_38650/real-klausel-fuer-chema-abgelaufen-414539/,0,0,0
34262,Ćatović,VfB Stuttgart,Juventus zeigt Interesse an Ćatović,https://www.ligainsider.de/mirza-catovic_38625/juventus-zeigt-interesse-an-atovi-415281/,1,0,0
33085,Karazor,VfB Stuttgart,Urteil da: Bun­des­liga-Sai­son für Karazor gelaufen,https://www.ligainsider.de/atakan-karazor_10442/urteil-da-bundesliga-saison-fuer-karazor-gelaufen-412830/,0,0,0
33666,Ulrich,VfB Stuttgart,Magdeburg kämpft weiter um Ul­rich-Rückkehr,https://www.ligainsider.de/laurin-ulrich_27568/magdeburg-kaempft-weiter-um-ulrich-rueckkehr-415166/,1,0,0
34288,El Khannouss,VfB Stuttgart,VfB macht festen Transfer von El Khannouss offiziell,https://www.ligainsider.de/bilal-el-khannouss_37086/vfb-macht-festen-transfer-von-el-khannouss-offiziell-413732/,0,0,0
33437,Stiller,VfB Stuttgart,Stiller bleibt dem VfB wohl erhalten,https://www.ligainsider.de/angelo-stiller_20766/stiller-bleibt-dem-vfb-wohl-erhalten-415091/,1,0,0
32492,Prömel,VfB Stuttgart,,,0,0,0
34286,Bouanani,VfB Stuttgart,Keine Leihe: VfB plant mit Bouanani und Arévalo,https://www.ligainsider.de/vfb-stuttgart/12/keine-leihe-vfb-plant-mit-bouanani-und-arevalo-414302/,0,0,0
34320,Arévalo,VfB Stuttgart,Keine Leihe: VfB plant mit Bouanani und Arévalo,https://www.ligainsider.de/vfb-stuttgart/12/keine-leihe-vfb-plant-mit-bouanani-und-arevalo-414302/,0,0,0
34230,Jovanović,VfB Stuttgart,Jovanović liebäugelt mit Abschied vom VfB,https://www.ligainsider.de/lazar-jovanovic_38309/jovanovi-liebaeugelt-mit-abschied-vom-vfb-415261/,1,1,0
33832,Undav,VfB Stuttgart,Undav will zur VfB-Legende werden,https://www.ligainsider.de/deniz-undav_19154/undav-will-zur-vfb-legende-werden-414334/,0,0,0
33812,Milošević,VfB Stuttgart,VfB sucht nach Abnehmer für Milošević,https://www.ligainsider.de/jovan-milosevic_35760/vfb-sucht-nach-abnehmer-fuer-milosevi-414687/,0,0,0
33718,Diehl,VfB Stuttgart,Diehl fällt längerfris­tig aus,https://www.ligainsider.de/justin-diehl_24547/diehl-faellt-laengerfristig-aus-415341/,1,0,0
33557,Tiago Tomás,VfB Stuttgart,Tomás trifft für die Ewigkeit – Hoeneß lobt Joker-Duo,https://www.ligainsider.de/tiago-tomas_24512/tomas-trifft-fuer-die-ewigkeit-ndash-hoeness-lobt-joker-duo-412324/,0,0,0
33311,Demirović,VfB Stuttgart,„Sehr gut drauf“: Hoeneß über Demirović,https://www.ligainsider.de/ermedin-demirovic_24166/bdquo-sehr-gut-drauf-ldquo-hoeness-ueber-demirovi-413293/,0,0,0
34458,van der Leij,VfB Stuttgart,,,0,0,0
31489,Baumann,TSG Hoffenheim,Ilzer hält lange Baumann-Kar­rie­re für möglich,https://www.ligainsider.de/oliver-baumann_567/ilzer-haelt-lange-baumann-karriere-fuer-moeglich-411596/,0,0,0
33313,Philipp,TSG Hoffenheim,Hoffenheim verlängert Vertrag mit Luca Philipp,https://www.ligainsider.de/luca-philipp_24129/hoffenheim-verlaengert-vertrag-mit-luca-philipp-414338/,0,0,0
33913,Petersson,TSG Hoffenheim,TSG verlängert mit Torhüter Petersson,https://www.ligainsider.de/lukas-petersson_37114/tsg-verlaengert-mit-torhueter-petersson-406899/,0,0,0
34048,Hranáč,TSG Hoffenheim,Ilzer lobt Qualität von Bernardo als Stabi­litäts­fak­tor,https://www.ligainsider.de/bernardo_11324/ilzer-lobt-qualitaet-von-bernardo-als-stabilitaetsfaktor-413039/,0,0,0
34051,Gendrey,TSG Hoffenheim,Gendrey feiert Comeback nach langer Pause,https://www.ligainsider.de/valentin-gendrey_35971/gendrey-feiert-comeback-nach-langer-pause-415209/,1,0,0
34062,Chaves,TSG Hoffenheim,Weitere Brasi­lien-Klubs an Chaves dran,https://www.ligainsider.de/arthur-chaves_37533/weitere-brasilien-klubs-an-chaves-dran-414863/,0,0,0
34105,Erlein,TSG Hoffenheim,,,0,0,0
34213,Machida,TSG Hoffenheim,Machida macht nach Kreuz­bandriss weiter Fortschritte,https://www.ligainsider.de/koki-machida_35863/machida-macht-nach-kreuzbandriss-weiter-fortschritte-413037/,0,0,0
34457,Dulic,TSG Hoffenheim,Perspek­tivspie­ler Dulic un­terschreibt in Hoffenheim,https://www.ligainsider.de/sean-dulic_38904/perspektivspieler-dulic-unterschreibt-in-hoffenheim-414315/,0,0,0
34257,Coufal,TSG Hoffenheim,Die Null als „Basis“: Ilzer schraubt an defensiver Sicherheit,https://www.ligainsider.de/tsg-hoffenheim/10/die-null-als-bdquo-basis-ldquo-ilzer-schraubt-an-defensiver-sicherheit-412028/,0,0,0
34275,Hajdari,TSG Hoffenheim,Offiziell: Hajdari verlängert bei der TSG Hoffenheim,https://www.ligainsider.de/albian-hajdari_37227/offiziell-hajdari-verlaengert-bei-der-tsg-hoffenheim-412333/,0,0,0
34340,Engelns,TSG Hoffenheim,Perspek­tivtransfer: TSG holt Engelns aus Paderborn,https://www.ligainsider.de/luis-engelns_37089/perspektivtransfer-tsg-holt-engelns-aus-paderborn-408252/,0,0,0
34446,Rots,TSG Hoffenheim,Bestätigt: TSG Hoffenheim verpflichtet Rots,https://www.ligainsider.de/mats-rots_37794/bestaetigt-tsg-hoffenheim-verpflichtet-rots-414091/,0,0,0
33026,Kabak,TSG Hoffenheim,Die Null als „Basis“: Ilzer schraubt an defensiver Sicherheit,https://www.ligainsider.de/tsg-hoffenheim/10/die-null-als-bdquo-basis-ldquo-ilzer-schraubt-an-defensiver-sicherheit-412028/,0,0,0
32693,Bernardo,TSG Hoffenheim,Ilzer lobt Qualität von Bernardo als Stabi­litäts­fak­tor,https://www.ligainsider.de/bernardo_11324/ilzer-lobt-qualitaet-von-bernardo-als-stabilitaetsfaktor-413039/,0,0,0
34242,Burger,TSG Hoffenheim,Ilzer stärkt Burger trotz Scorer-Flau­te den Rücken,https://www.ligainsider.de/wouter-burger_22632/ilzer-staerkt-burger-trotz-scorer-flaute-den-ruecken-413358/,0,0,0
34202,Avdullahu,TSG Hoffenheim,Offiziell: TSG verlängert vorzeitig mit Avdullahu,https://www.ligainsider.de/leon-avdullahu_38223/offiziell-tsg-verlaengert-vorzeitig-mit-avdullahu-412553/,0,0,0
34128,Lenz,TSG Hoffenheim,Video: Macht Lenz Druck auf Avdullahu?,https://www.ligainsider.de/cajetan-lenz_37065/video-macht-lenz-druck-auf-avdullahu-413566/,0,0,0
32680,Geiger,TSG Hoffenheim,Fester Gei­ger-Abschied von der TSG bahnt sich an,https://www.ligainsider.de/dennis-geiger_10434/fester-geiger-abschied-von-der-tsg-bahnt-sich-an-413748/,0,0,0
34064,Micheler,TSG Hoffenheim,,,0,0,0
33574,Tohumcu,TSG Hoffenheim,TSG-Perspek­ti­ve fraglich: Tohumcu weckt Interesse,https://www.ligainsider.de/umut-tohumcu_27482/tsg-perspektive-fraglich-tohumcu-weckt-interesse-413755/,0,0,0
32553,Kramarić,TSG Hoffenheim,TSG bestätigt Krama­rić-Eingriff,https://www.ligainsider.de/andrej-kramaric_2439/tsg-bestaetigt-kramari-eingriff-414843/,0,0,0
33673,Damar,TSG Hoffenheim,Damar zieht es zum VfL Wolfsburg,https://www.ligainsider.de/muhammed-damar_26168/damar-zieht-es-zum-vfl-wolfsburg-415330/,1,0,0
34034,Prass,TSG Hoffenheim,Prass im Aufwind: Ilzer will Formstärke nutzen,https://www.ligainsider.de/alexander-prass_27057/prass-im-aufwind-ilzer-will-formstaerke-nutzen-410328/,0,0,0
33857,Conté,TSG Hoffenheim,Offiziell: TSG verlängert mit Conté,https://www.ligainsider.de/bambase-conte_27420/offiziell-tsg-verlaengert-mit-conte-415044/,0,0,0
34474,De Cat,TSG Hoffenheim,Offiziell: Hoffenheim holt Top-Talent De Cat,https://www.ligainsider.de/nathan-de-cat_38750/offiziell-hoffenheim-holt-top-talent-de-cat-414932/,0,0,0
34425,Vogt,TSG Hoffenheim,Offiziell: TSG verpflichtet Alessandro Vogt,https://www.ligainsider.de/alessandro-vogt_38792/offiziell-tsg-verpflichtet-alessandro-vogt-410097/,0,0,0
34336,Fields,TSG Hoffenheim,,,0,0,0
33270,Lemperle,TSG Hoffenheim,Lemperle verlängert in Hoffenheim,https://www.ligainsider.de/tim-lemperle_23854/lemperle-verlaengert-in-hoffenheim-413622/,0,0,0
34232,Zeitler,TSG Hoffenheim,Hoffenheims Zeitler im Visier von Hertha BSC,https://www.ligainsider.de/deniz-zeitler_37353/hoffenheims-zeitler-im-visier-von-hertha-bsc-414241/,0,0,0
33507,Wimmer,TSG Hoffenheim,Offiziell: Wimmer wechselt zur TSG,https://www.ligainsider.de/patrick-wimmer_26236/offiziell-wimmer-wechselt-zur-tsg-413972/,0,0,0
33536,Asllani,TSG Hoffenheim,Asllani-In­te­res­se wirft Kaderfragen für RB Leipzig auf,https://www.ligainsider.de/fisnik-asllani_21986/asllani-interesse-wirft-kaderfragen-fuer-rb-leipzig-auf-415282/,3,1,0
34078,G. Orban,TSG Hoffenheim,,,0,0,0
33619,Hložek,TSG Hoffenheim,Hložek nach Verletzung auf dem Platz zurück,https://www.ligainsider.de/adam-hlozek_24095/hlo-ek-nach-verletzung-auf-dem-platz-zurueck-413106/,0,0,0
33885,Moerstedt,TSG Hoffenheim,Moerstedt meldet sich wieder zum Dienst,https://www.ligainsider.de/max-moerstedt_36318/moerstedt-meldet-sich-wieder-zum-dienst-409756/,0,0,0
33439,Atubolu,Sport-Club Freiburg,Atubolu reist nicht mit ins Trainingsla­ger,https://www.ligainsider.de/noah-atubolu_22000/atubolu-reist-nicht-mit-ins-trainingslager-415276/,1,0,0
33647,Backhaus,Sport-Club Freiburg,Offiziell: Freiburg verpflichtet Torwart Backhaus,https://www.ligainsider.de/mio-backhaus_27467/offiziell-freiburg-verpflichtet-torwart-backhaus-413677/,0,0,0
32656,F. Müller,Sport-Club Freiburg,,,0,0,0
32506,Huth,Sport-Club Freiburg,Huth verlängert in Freiburg,https://www.ligainsider.de/jannik-huth_6540/huth-verlaengert-in-freiburg-413838/,0,0,0
34476,Steinmann,Sport-Club Freiburg,Freiburg befördert Steinmann in den Bun­des­liga-Ka­der,https://www.ligainsider.de/karl-steinmann_37271/freiburg-befoerdert-steinmann-in-den-bundesliga-kader-414974/,0,0,0
33815,Rosenfelder,Sport-Club Freiburg,Rosenfelder im Finale zurück auf dem Feld,https://www.ligainsider.de/max-rosenfelder_26203/rosenfelder-im-finale-zurueck-auf-dem-feld-413601/,0,0,0
33829,Makengo,Sport-Club Freiburg,Freiburg: Quartett kehrt gegen Braga zurück,https://www.ligainsider.de/jordy-makengo_26088/freiburg-quartett-kehrt-gegen-braga-zurueck-412590/,0,0,0
33947,Treu,Sport-Club Freiburg,Treu mit Krämpfen aus­ge­wechselt,https://www.ligainsider.de/philipp-treu_20344/treu-mit-kraempfen-ausgewechselt-412321/,0,0,0
34020,Yılmaz,Sport-Club Freiburg,,,0,0,0
34021,Ogbus,Sport-Club Freiburg,Ogbus oder Lienhart? Schuster eröffnet Kon­kur­renzkampf,https://www.ligainsider.de/sc-freiburg/18/ogbus-oder-lienhart-schuster-eroeffnet-konkurrenzkampf-411270/,0,0,0
31910,Ginter,Sport-Club Freiburg,Ginter gibt Entwarnung nach Auswechslung,https://www.ligainsider.de/matthias-ginter_1835/ginter-gibt-entwarnung-nach-auswechslung-413192/,0,0,0
32579,Jung,Sport-Club Freiburg,SC Freiburg verlängert mit Jung,https://www.ligainsider.de/anthony-jung_2245/sc-freiburg-verlaengert-mit-jung-413809/,0,0,0
32019,Günter,Sport-Club Freiburg,,,0,0,0
32807,Lienhart,Sport-Club Freiburg,Lienhart beendet Europa-Lea­gue-Par­tie mit Krämpfen,https://www.ligainsider.de/philipp-lienhart_13911/lienhart-beendet-europa-league-partie-mit-kraempfen-411987/,0,0,0
32597,Kübler,Sport-Club Freiburg,,,0,0,0
34437,Yamamoto,Sport-Club Freiburg,Offiziell: Freiburg verpflichtet Yamamoto,https://www.ligainsider.de/rihito-yamamoto_38872/offiziell-freiburg-verpflichtet-yamamoto-413779/,0,0,0
34361,Tarnutzer,Sport-Club Freiburg,Tarnutzer rückt fest zu den Profis auf,https://www.ligainsider.de/rouven-tarnutzer_38617/tarnutzer-rueckt-fest-zu-den-profis-auf-414975/,0,0,0
34184,Suzuki,Sport-Club Freiburg,Gutes Zeichen: WM-Nominie­rung für verletzten Suzuki,https://www.ligainsider.de/yuito-suzuki_37105/gutes-zeichen-wm-nominierung-fuer-verletzten-suzuki-413400/,0,0,0
32071,Grifo,Sport-Club Freiburg,Grifo stellt Rekord ein: Schuster hofft auf Leichtigkeit,https://www.ligainsider.de/vincenzo-grifo_2361/grifo-stellt-rekord-ein-schuster-hofft-auf-leichtigkeit-410018/,0,0,0
32398,M. Eggestein,Sport-Club Freiburg,,,0,0,0
33008,Muslija,Sport-Club Freiburg,Offiziell: Muslija wechselt nach Düsseldorf,https://www.ligainsider.de/florent-muslija_13863/offiziell-muslija-wechselt-nach-duesseldorf-400117/,0,0,0
32961,Beste,Sport-Club Freiburg,Per­sonalup­da­te aus Freiburg: Beste steht zur Verfügung,https://www.ligainsider.de/niklas-beste_14520/personalupdate-aus-freiburg-beste-steht-zur-verfuegung-413041/,0,0,0
33156,Osterhage,Sport-Club Freiburg,Osterhage feiert Kader-Come­back gegen Aston Villa,https://www.ligainsider.de/patrick-osterhage_20826/osterhage-feiert-kader-comeback-gegen-aston-villa-413602/,0,0,0
33603,Y. Engelhardt,Sport-Club Freiburg,,,0,0,0
33783,Matanović,Sport-Club Freiburg,Keine Startelf für Matanović wegen Länderspie­len,https://www.ligainsider.de/igor-matanovic_25780/keine-startelf-fuer-matanovi-wegen-laenderspielen-411374/,0,0,0
33629,Scherhant,Sport-Club Freiburg,Joker stechen: Freiburg dreht Rückstand,https://www.ligainsider.de/cyriaque-irie_38409/joker-stechen-freiburg-dreht-rueckstand-410882/,0,0,0
32861,Höler,Sport-Club Freiburg,,,0,0,0
34183,Irié,Sport-Club Freiburg,Freiburg-Ju­wel Irié kommt ins Rollen,https://www.ligainsider.de/cyriaque-irie_38409/freiburg-juwel-irie-kommt-ins-rollen-410927/,0,0,0
33364,Dinkçi,Sport-Club Freiburg,Werder zieht Dinkçi-Rückkehr in Betracht,https://www.ligainsider.de/eren-dinkci_22008/werder-zieht-dinkci-rueckkehr-in-betracht-415073/,0,0,0
34451,Goto,Sport-Club Freiburg,SC Freiburg verpflichtet Keisuke Goto,https://www.ligainsider.de/keisuke-goto_38267/sc-freiburg-verpflichtet-keisuke-goto-414158/,0,0,0
31458,Grahl,Eintracht Frankfurt,Grahl arbeitet weiter individuell,https://www.ligainsider.de/jens-grahl_727/grahl-arbeitet-weiter-individuell-413228/,0,0,0
33855,Kauã Santos,Eintracht Frankfurt,„Werden wir sehen“ – Hütter mauert bei der Torwartfrage,https://www.ligainsider.de/kaua-santos_36306/bdquo-werden-wir-sehen-ldquo-ndash-huetter-mauert-bei-der-torwartfrage-415024/,0,0,0
32408,Zetterer,Eintracht Frankfurt,„Werden wir sehen“ – Hütter mauert bei der Torwartfrage,https://www.ligainsider.de/kaua-santos_36306/bdquo-werden-wir-sehen-ldquo-ndash-huetter-mauert-bei-der-torwartfrage-415024/,0,0,0
34073,Siljević,Eintracht Frankfurt,Eintracht verlängert mit Talent Šiljević,https://www.ligainsider.de/amil-siljevic_38182/eintracht-verlaengert-mit-talent-siljevi-414311/,0,0,0
33860,Nkounkou,Eintracht Frankfurt,Konyaspor zeigt Interesse an Nkounkou,https://www.ligainsider.de/niels-nkounkou_35999/konyaspor-zeigt-interesse-an-nkounkou-415256/,1,0,0
33869,Baum,Eintracht Frankfurt,Baum-Wechsel auf Eis: Auswirkungen auf Gaaei-Transfer?,https://www.ligainsider.de/elias-baum_35727/baum-wechsel-auf-eis-auswirkungen-auf-gaaei-transfer-415131/,1,1,0
34043,Theate,Eintracht Frankfurt,Auch Leverkusen  dran? Interesse an Theate wächst,https://www.ligainsider.de/arthur-theate_26137/auch-leverkusen-dran-interesse-an-theate-waechst-415056/,1,0,0
34310,Neuendorff,Eintracht Frankfurt,,,0,0,0
34313,Kosugi,Eintracht Frankfurt,Kosugi sammelt Spielpraxis in der U21,https://www.ligainsider.de/keita-kosugi_38762/kosugi-sammelt-spielpraxis-in-der-u21-412378/,0,0,0
33836,Collins,Eintracht Frankfurt,Collins startet „komplett frisch“ in neue Saison,https://www.ligainsider.de/nnamdi-collins_24116/collins-startet-bdquo-komplett-frisch-ldquo-in-neue-saison-413868/,0,0,0
32836,Koch,Eintracht Frankfurt,Entwarnung bei Kalimuendo – Duo fehlt krank im Test,https://www.ligainsider.de/arnaud-kalimuendo_23430/entwarnung-bei-kalimuendo-ndash-duo-fehlt-krank-im-test-413560/,0,0,0
33383,Knauff,Eintracht Frankfurt,Knauff feiert Comeback für Frankfurt,https://www.ligainsider.de/ansgar-knauff_24398/knauff-feiert-comeback-fuer-frankfurt-410836/,0,0,0
34314,Arrhov,Eintracht Frankfurt,Krösche plant den großen Eintracht-Umbruch,https://www.ligainsider.de/eintracht-frankfurt/3/kroesche-plant-den-grossen-eintracht-umbruch-413588/,0,0,0
31572,Götze,Eintracht Frankfurt,,,0,0,0
31743,Chandler,Eintracht Frankfurt,Frankfurt verlängert mit Urgestein Chandler,https://www.ligainsider.de/timothy-chandler_643/frankfurt-verlaengert-mit-urgestein-chandler-414493/,0,0,0
34019,O. Højlund,Eintracht Frankfurt,,,0,0,0
33912,Aséko,Eintracht Frankfurt,Offiziell: Frankfurt verpflichtet Aséko,https://www.ligainsider.de/noel-aseko_36931/offiziell-frankfurt-verpflichtet-aseko-415204/,2,1,0
33157,Skhiri,Eintracht Frankfurt,FC hofft auf Álvarez – Skhiri steht als Alternative bereit,https://www.ligainsider.de/ellyes-skhiri_20776/fc-hofft-auf-alvarez-ndash-skhiri-steht-als-alternative-bereit-415055/,0,0,0
33856,Chaïbi,Eintracht Frankfurt,Mehrere Klubs beobachten Frankfurts Chaïbi,https://www.ligainsider.de/fares-chaibi_35910/mehrere-klubs-beobachten-frankfurts-chaibi-412594/,0,0,0
33678,Dina Ebimbe,Eintracht Frankfurt,Batshuayi bei Hütter außen vor,https://www.ligainsider.de/michy-batshuayi_2927/batshuayi-bei-huetter-aussen-vor-415011/,0,0,0
33782,Larsson,Eintracht Frankfurt,Frankfurt rechnet mit Larsson-Verbleib,https://www.ligainsider.de/hugo-larsson_35384/frankfurt-rechnet-mit-larsson-verbleib-415335/,1,0,0
33335,Doan,Eintracht Frankfurt,Doan handelt sich Sperre gegen den HSV ein,https://www.ligainsider.de/ritsu-doan_22974/doan-handelt-sich-sperre-gegen-den-hsv-ein-412411/,0,0,0
32948,Burkardt,Eintracht Frankfurt,Riera erklärt Bur­kardt-Vorfall für erledigt,https://www.ligainsider.de/jonathan-burkardt_19272/riera-erklaert-burkardt-vorfall-fuer-erledigt-413381/,0,0,0
34318,Amaimouni-Echghouyab,Eintracht Frankfurt,,,0,0,0
34316,Ebnoutalib,Eintracht Frankfurt,Baum vor festem Frankfurt-Ab­gang,https://www.ligainsider.de/elias-baum_35727/baum-vor-festem-frankfurt-abgang-413135/,0,0,0
34312,Kumashiro,Eintracht Frankfurt,,,0,0,0
33820,Futkeu,Eintracht Frankfurt,Batshuayi bei Hütter außen vor,https://www.ligainsider.de/michy-batshuayi_2927/batshuayi-bei-huetter-aussen-vor-415011/,0,0,0
34223,İnanoğlu,Eintracht Frankfurt,,,0,0,0
34096,Wahi,Eintracht Frankfurt,Wahi entlastet: Frankfurt schöpft Transfer-Hoffnung,https://www.ligainsider.de/elye-wahi_35837/wahi-entlastet-frankfurt-schoepft-transfer-hoffnung-414795/,0,0,0
32874,Batshuayi,Eintracht Frankfurt,Batshuayi bei Hütter außen vor,https://www.ligainsider.de/michy-batshuayi_2927/batshuayi-bei-huetter-aussen-vor-415011/,0,0,0
33214,Ngankam,Eintracht Frankfurt,Batshuayi bei Hütter außen vor,https://www.ligainsider.de/michy-batshuayi_2927/batshuayi-bei-huetter-aussen-vor-415011/,0,0,0
34008,Uzun,Eintracht Frankfurt,Hütter bezieht Stellung zu Uzun,https://www.ligainsider.de/can-uzun_35949/huetter-bezieht-stellung-zu-uzun-415039/,0,0,0
33890,Bahoya,Eintracht Frankfurt,Bahoya arbeitet weiter individuell,https://www.ligainsider.de/jean-matteo-bahoya_36932/bahoya-arbeitet-weiter-individuell-415272/,3,0,0
34465,Pimpong,Eintracht Frankfurt,Offiziell: Frankfurt holt Talent Pimpong aus Dänemark,https://www.ligainsider.de/malik-pimpong_38920/offiziell-frankfurt-holt-talent-pimpong-aus-daenemark-414609/,0,0,0
33990,Labrović,FC Augsburg,Labrović fehlt Augsburg aus privaten Gründen,https://www.ligainsider.de/nediljko-labrovic_37153/labrovi-fehlt-augsburg-aus-privaten-gruenden-411717/,0,0,0
34363,Wisbereit,FC Augsburg,FCA verpflichtet Tor­wartta­lent Wisbereit,https://www.ligainsider.de/tom-wisbereit_38837/fca-verpflichtet-torwarttalent-wisbereit-415067/,0,0,0
32877,Dahmen,FC Augsburg,„Kul­turträger“ Dahmen wäre bei Baum im WM-Kader,https://www.ligainsider.de/finn-dahmen_18728/bdquo-kulturtraeger-ldquo-dahmen-waere-bei-baum-im-wm-kader-412268/,0,0,0
34438,Brackelmann,FC Augsburg,Offiziell: Augsburg verpflichtet Brackelmann,https://www.ligainsider.de/calvin-brackelmann_12771/offiziell-augsburg-verpflichtet-brackelmann-413842/,0,0,0
34017,N. Banks,FC Augsburg,,,0,0,0
34027,Giannoulis,FC Augsburg,Giannoulis muss Einheit vorzeitig beenden,https://www.ligainsider.de/dimitrios-giannoulis_11820/giannoulis-muss-einheit-vorzeitig-beenden-415310/,1,0,0
34057,Matsima,FC Augsburg,Matsima verpasst Augsburg-Trai­ning,https://www.ligainsider.de/chrislain-matsima_26695/matsima-verpasst-augsburg-training-415311/,2,0,0
34106,Behrens,FC Augsburg,Offiziell: FCA verpflichtet Behrens,https://www.ligainsider.de/hennes-behrens_37221/offiziell-fca-verpflichtet-behrens-415007/,0,0,0
34351,Schnitzer,FC Augsburg,Schnitzer feiert Profidebüt beim FCA,https://www.ligainsider.de/tim-schnitzer_38168/schnitzer-feiert-profidebuet-beim-fca-410000/,0,0,0
33969,Suso,FC Augsburg,FCA verpflichtet Defen­siv-Allroun­der Suso,https://www.ligainsider.de/sima-suso_36794/fca-verpflichtet-defensiv-allrounder-suso-414942/,0,0,0
33134,Pedersen,FC Augsburg,FCA vor Bre­men-Spiel: Außer Pedersen alle fit,https://www.ligainsider.de/mads-pedersen_15841/fca-vor-bremen-spiel-ausser-pedersen-alle-fit-412604/,0,0,0
32953,K. Schlotterbeck,FC Augsburg,,,0,0,0
32549,Gouweleeuw,FC Augsburg,Früher Mas­sen­go-Wechsel: Reine Vor­sichts­maßnah­me,https://www.ligainsider.de/han-noah-massengo_35978/frueher-massengo-wechsel-reine-vorsichtsmassnahme-412958/,0,0,0
32546,Wolf,FC Augsburg,Früher Mas­sen­go-Wechsel: Reine Vor­sichts­maßnah­me,https://www.ligainsider.de/han-noah-massengo_35978/frueher-massengo-wechsel-reine-vorsichtsmassnahme-412958/,0,0,0
34236,Massengo,FC Augsburg,Früher Mas­sen­go-Wechsel: Reine Vor­sichts­maßnah­me,https://www.ligainsider.de/han-noah-massengo_35978/frueher-massengo-wechsel-reine-vorsichtsmassnahme-412958/,0,0,0
34171,Fellhauer,FC Augsburg,Fellhauer nach Krankheit zunächst nur auf der Bank,https://www.ligainsider.de/robin-fellhauer_24864/fellhauer-nach-krankheit-zunaechst-nur-auf-der-bank-413083/,0,0,0
34069,Sakar,FC Augsburg,Augsburg verpflichtet Talent Sakar ablösefrei,https://www.ligainsider.de/faik-sakar_37237/augsburg-verpflichtet-talent-sakar-abloesefrei-412288/,0,0,0
34063,Claude-Maurice,FC Augsburg,,,0,0,0
33732,Mbuku,FC Augsburg,FCA zieht Rückkaufop­tion bei Mbuku – und macht womöglich Kasse,https://www.ligainsider.de/nathanael-mbuku_35745/augsburg-zieht-rueckkaufoption-bei-mbuku-ndash-und-macht-womoeglich-kasse-380703/,0,0,0
33211,Keitel,FC Augsburg,Erneute Leihe: Keitel bleibt in Augsburg,https://www.ligainsider.de/yannik-keitel_22010/erneute-leihe-keitel-bleibt-in-augsburg-414448/,0,0,0
33517,Jakić,FC Augsburg,Jakić sieht fünfte Gelbe Karte gegen Gladbach,https://www.ligainsider.de/kristijan-jakic_24599/jaki-sieht-fuenfte-gelbe-karte-gegen-gladbach-413097/,0,0,0
33736,Kömür,FC Augsburg,,,0,0,0
33808,Breithaupt,FC Augsburg,Dynamo prüft Transfer von Breithaupt,https://www.ligainsider.de/tim-breithaupt_25618/dynamo-prueft-transfer-von-breithaupt-414093/,0,0,0
33914,Kücüksahin,FC Augsburg,,,0,0,0
33564,Kade,FC Augsburg,Torjäger Kade: Top Entwicklung und Lob von Baum,https://www.ligainsider.de/anton-kade_26138/torjaeger-kade-top-entwicklung-und-lob-von-baum-412947/,0,0,0
33997,Rieder,FC Augsburg,Rieder glänzt auch gegen die Eintracht als Sechser,https://www.ligainsider.de/fabian-rieder_25579/rieder-glaenzt-auch-gegen-die-eintracht-als-sechser-412441/,0,0,0
33983,Kabadayi,FC Augsburg,Offiziell: Kabadayi verlässt den FCA leihweise,https://www.ligainsider.de/yusuf-kabadayi_27158/offiziell-kabadayi-verlaesst-den-fca-leihweise-402088/,0,0,0
33588,Kastanaras,FC Augsburg,„Viel Po­ten­zial“: FCA schnappt sich Kastanaras,https://www.ligainsider.de/thomas-kastanaras_27430/bdquo-viel-potenzial-ldquo-fca-schnappt-sich-kastanaras-408257/,0,0,0
34331,Ribeiro,FC Augsburg,Bestätigt: FC Augsburg bindet Ribeiro,https://www.ligainsider.de/rodrigo-ribeiro_27435/bestaetigt-fc-augsburg-bindet-ribeiro-413789/,0,0,0
34344,Ogundu,FC Augsburg,Hürden erwünscht: FCA-Talente mit schwerem Stand,https://www.ligainsider.de/fc-augsburg/21/huerden-erwuenscht-fca-talente-mit-schwerem-stand-412297/,0,0,0
34345,Onoda,FC Augsburg,,,0,0,0
34012,Mounié,FC Augsburg,Mounié wechselt leihweise zu Alanyaspor,https://www.ligainsider.de/steve-mounie_14079/mounie-wechselt-leihweise-zu-alanyaspor-402052/,0,0,0
31958,Gregoritsch,FC Augsburg,FCA zieht Kaufoption für Gregoritsch,https://www.ligainsider.de/michael-gregoritsch_1512/fca-zieht-kaufoption-fuer-gregoritsch-414192/,0,0,0
34464,Kinzig,1. FSV Mainz 05,Mainz belohnt Kinzig mit Profi-Vertrag,https://www.ligainsider.de/maximilian-kinzig_34997/mainz-belohnt-kinzig-mit-profi-vertrag-414623/,0,0,0
31774,Schwolow,1. FSV Mainz 05,,,0,0,0
32364,Zentner,1. FSV Mainz 05,Batz erhält Star­telfga­ran­tie gegen Heidenheim!,https://www.ligainsider.de/daniel-batz_499/batz-erhaelt-startelfgarantie-gegen-heidenheim-413176/,0,0,0
31666,Bell,1. FSV Mainz 05,Vertrag bis 2027: Bell straft Kritiker einmal mehr Lügen,https://www.ligainsider.de/stefan-bell_521/vertrag-bis-2027-bell-straft-kritiker-einmal-mehr-luegen-413313/,0,0,0
34454,Gruber,1. FSV Mainz 05,Mainz verpflichtet Fabio Gruber,https://www.ligainsider.de/fabio-gruber_26579/mainz-verpflichtet-fabio-gruber-414201/,0,0,0
34307,Potulski,1. FSV Mainz 05,Mainz schiebt Po­tulski-Wechsel klaren Riegel vor,https://www.ligainsider.de/kacper-potulski_38608/mainz-schiebt-potulski-wechsel-klaren-riegel-vor-414439/,0,0,0
33707,Hanche-Olsen,1. FSV Mainz 05,,,0,0,0
33577,Caci,1. FSV Mainz 05,Caci will Rückstand im Sommer weiter aufholen,https://www.ligainsider.de/anthony-caci_26102/caci-will-rueckstand-im-sommer-weiter-aufholen-413404/,0,0,0
33478,Widmer,1. FSV Mainz 05,Mainz bestätigt Verlänge­rung mit Widmer,https://www.ligainsider.de/silvan-widmer_1938/mainz-bestaetigt-verlaengerung-mit-widmer-413398/,0,0,0
31762,da Costa,1. FSV Mainz 05,Fischer vorsichtig optimistisch bei da Costa,https://www.ligainsider.de/danny-da-costa_650/fischer-vorsichtig-optimistisch-bei-da-costa-413309/,0,0,0
31959,Kohr,1. FSV Mainz 05,Fischer wollte bei gefährdetem Kohr nichts „ris­kie­ren“,https://www.ligainsider.de/dominik-kohr_1821/fischer-wollte-bei-gefaehrdetem-kohr-nichts-bdquo-riskieren-ldquo-411431/,0,0,0
32178,Mwene,1. FSV Mainz 05,Mwe­ne-Ein­satz fraglich – Fischer mit Update,https://www.ligainsider.de/phillipp-mwene_2723/mwene-einsatz-fraglich-ndash-fischer-mit-update-411939/,0,0,0
33093,Maloney,1. FSV Mainz 05,Maloney fehlt krankheits­be­dingt gegen Dortmund,https://www.ligainsider.de/lennard-maloney_15833/maloney-fehlt-krankheitsbedingt-gegen-dortmund-408736/,0,0,0
34231,Kawasaki,1. FSV Mainz 05,Mainz zieht Kaufoption für Kawasaki,https://www.ligainsider.de/sota-kawasaki_38606/mainz-zieht-kaufoption-fuer-kawasaki-411031/,0,0,0
34098,Nordin,1. FSV Mainz 05,,,0,0,0
34053,Hong,1. FSV Mainz 05,Hong darf Mainz wohl verlassen,https://www.ligainsider.de/hyunseok-hong_37205/hong-darf-mainz-wohl-verlassen-414194/,0,0,0
34009,Sano,1. FSV Mainz 05,Liverpool heiß auf Sano,https://www.ligainsider.de/kaishu-sano_36958/liverpool-heiss-auf-sano-414604/,0,0,0
32395,Amiri,1. FSV Mainz 05,RB Leipzig nimmt Amiri erneut ins Visier,https://www.ligainsider.de/nadiem-amiri_5815/rb-leipzig-nimmt-amiri-erneut-ins-visier-414625/,0,0,0
34467,Ruoppi,1. FSV Mainz 05,Mainz verpflichtet Ruoppi – und verleiht ihn zurück,https://www.ligainsider.de/otto-ruoppi_38812/mainz-verpflichtet-ruoppi-ndash-und-verleiht-ihn-zurueck-408297/,0,0,0
33477,Lee,1. FSV Mainz 05,Lee nach Verletzung zurück auf dem Feld,https://www.ligainsider.de/jaesung-lee_21202/lee-nach-verletzung-zurueck-auf-dem-feld-413161/,0,0,0
33356,Martel,1. FSV Mainz 05,Mainz macht Mar­tel-Transfer offiziell,https://www.ligainsider.de/eric-martel_20728/mainz-macht-martel-transfer-offiziell-413567/,0,0,0
33296,Nebel,1. FSV Mainz 05,Heidel über Amiri-Zu­kunft: „Wir ents­chei­den“,https://www.ligainsider.de/nadiem-amiri_5815/heidel-ueber-amiri-zukunft-bdquo-wir-entscheiden-ldquo-413554/,0,0,0
33135,S. Becker,1. FSV Mainz 05,,,0,0,0
33247,Silas,1. FSV Mainz 05,Mainz bestätigt Verlänge­rung mit Silas,https://www.ligainsider.de/silas_21594/mainz-bestaetigt-verlaengerung-mit-silas-414285/,0,0,0
34429,A. Haidara,1. FSV Mainz 05,,,0,0,0
34308,Moreno Fell,1. FSV Mainz 05,Moreno Fell weckt Begehrlichkei­ten in Liga zwei und drei,https://www.ligainsider.de/fabio-moreno-fell_24679/moreno-fell-weckt-begehrlichkeiten-in-liga-zwei-und-drei-413687/,0,0,0
34291,Bøving,1. FSV Mainz 05,,,0,0,0
34158,Königsdörffer,1. FSV Mainz 05,,,0,0,0
33070,Tietz,1. FSV Mainz 05,Tietz mit Rückenprob­le­men aus­ge­wechselt,https://www.ligainsider.de/phillip-tietz_7480/tietz-mit-rueckenproblemen-ausgewechselt-413467/,0,0,0
32733,Richter,1. FSV Mainz 05,Mainz verleiht Richter erneut in die 2. Bundesliga,https://www.ligainsider.de/marco-richter_12774/1-fsv-mainz-05-verleiht-marco-richter-erneut-in-die-2-bundesliga-382128/,0,0,0
33830,Hollerbach,1. FSV Mainz 05,Hollerbach treibt Comeback in Trainingsla­ger voran,https://www.ligainsider.de/benedict-hollerbach_24960/hollerbach-treibt-comeback-in-trainingslager-voran-415195/,1,0,0
34032,Klaus,1. FC Union Berlin,Union-Tor­wart Klaus sendet klare Botschaft,https://www.ligainsider.de/carl-klaus_1982/union-torwart-klaus-sendet-klare-botschaft-413961/,0,0,0
34144,Raab,1. FC Union Berlin,Raab-Wechsel nach Hannover geplatzt,https://www.ligainsider.de/matheo-raab_11224/raab-wechsel-nach-hannover-geplatzt-414828/,0,0,0
32921,Rönnow,1. FC Union Berlin,,,0,0,0
33720,Juranović,1. FC Union Berlin,Juranović feiert Ein­satz-Come­back,https://www.ligainsider.de/josip-juranovic_26979/juranovi-feiert-einsatz-comeback-410461/,0,0,0
33995,Querfeld,1. FC Union Berlin,Zwei Klauseln: So teuer ist Querfeld,https://www.ligainsider.de/leopold-querfeld_27234/zwei-klauseln-so-teuer-ist-querfeld-414410/,0,0,0
34455,Van Den Bosch,1. FC Union Berlin,Offiziell: Union verpflichtet Van Den Bosch,https://www.ligainsider.de/zeno-van-den-bosch_25990/offiziell-union-verpflichtet-van-den-bosch-414243/,0,0,0
34038,Ogbemudia,1. FC Union Berlin,Union leiht Ogbemudia nach Mannheim aus,https://www.ligainsider.de/oluwaseun-ogbemudia_36006/union-leiht-ogbemudia-nach-mannheim-aus-406354/,0,0,0
34061,Köhn,1. FC Union Berlin,,,0,0,0
34214,Markgraf,1. FC Union Berlin,Union bestätigt schwere Markgraf-Ver­let­zung,https://www.ligainsider.de/andrik-markgraf_38588/union-bestaetigt-schwere-markgraf-verletzung-415094/,1,0,0
33669,Nsoki,1. FC Union Berlin,Union muss aktuell auf Nsoki verzichten,https://www.ligainsider.de/stanley-nsoki_18802/union-muss-aktuell-auf-nsoki-verzichten-415095/,1,0,0
32311,M. Friedrich,1. FC Union Berlin,,,0,0,0
33567,Rothe,1. FC Union Berlin,Rothe und Köhn kämpfen um Star­telfplatz,https://www.ligainsider.de/1-fc-union-berlin/1246/rothe-und-koehn-kaempfen-um-startelfplatz-412228/,0,0,0
33096,Trimmel,1. FC Union Berlin,Trimmel bleibt Union-Ka­pitän,https://www.ligainsider.de/christopher-trimmel_5713/trimmel-bleibt-union-kapitaen-415260/,1,0,0
34453,Blaszczak,1. FC Union Berlin,,,0,0,0
32310,Haberer,1. FC Union Berlin,Mainz-Coach Fischer hat Haberer im Blick,https://www.ligainsider.de/janik-haberer_3616/mainz-coach-fischer-hat-haberer-im-blick-414184/,0,0,0
32073,Khedira,1. FC Union Berlin,Union kann weiter mit Khedira planen,https://www.ligainsider.de/rani-khedira_2122/union-kann-weiter-mit-khedira-planen-414483/,0,0,0
33035,Jeong,1. FC Union Berlin,Jeong feiert Comeback gegen Mainz,https://www.ligainsider.de/wooyeong-jeong_14145/jeong-feiert-comeback-gegen-mainz-413159/,0,0,0
33821,Kemlein,1. FC Union Berlin,Wa­chablösung? Kemlein winkt Führungsrol­le,https://www.ligainsider.de/aljoscha-kemlein_27560/wachabloesung-kemlein-winkt-fuehrungsrolle-414891/,0,0,0
33550,Schäfer,1. FC Union Berlin,,,0,0,0
33158,Skov,1. FC Union Berlin,Skov ist nach Verletzung zurück im Kader,https://www.ligainsider.de/robert-skov_18702/skov-ist-nach-verletzung-zurueck-im-kader-413439/,0,0,0
34452,Gray,1. FC Union Berlin,Union verlängert mit Youngster Gray,https://www.ligainsider.de/mekhi-gray_38708/union-verlaengert-mit-youngster-gray-414572/,0,0,0
34432,J. Friedrich,1. FC Union Berlin,,,0,0,0
34358,Güther,1. FC Union Berlin,,,0,0,0
34265,Bogdanov,1. FC Union Berlin,Union-Talent Güther vorerst weiter bei der U19,https://www.ligainsider.de/linus-guether_38833/union-talent-guether-vorerst-weiter-bei-der-u19-412237/,0,0,0
34059,Ilić,1. FC Union Berlin,„Sehr fleißig“: Eta misst Ilić nicht nur an Toren,https://www.ligainsider.de/andrej-ilic_37532/bdquo-sehr-fleissig-ldquo-eta-misst-ili-nicht-nur-an-toren-412230/,0,0,0
34199,Ansah,1. FC Union Berlin,Union-Traine­rin Eta über Burke: „Sorgt für Gefahr“,https://www.ligainsider.de/oliver-burke_11325/union-trainerin-eta-ueber-burke-bdquo-sorgt-fuer-gefahr-ldquo-412643/,0,0,0
34191,Burcu,1. FC Union Berlin,Nach Köln-Tor: Burcu drängt in die Anfangsfor­ma­tion,https://www.ligainsider.de/livan-burcu_36114/nach-koeln-tor-burcu-draengt-in-die-anfangsformation-413024/,0,0,0
34111,M. Ljubičić,1. FC Union Berlin,,,0,0,0
32694,Burke,1. FC Union Berlin,Burke bleibt unter Eta Dauerbrenner,https://www.ligainsider.de/oliver-burke_11325/burke-bleibt-unter-eta-dauerbrenner-413030/,0,0,0
33616,Skarke,1. FC Union Berlin,Heidenheim hat Unions Skarke auf dem Zettel,https://www.ligainsider.de/tim-skarke_6374/heidenheim-hat-unions-skarke-auf-dem-zettel-412871/,0,0,0
31618,Sippel,Borussia M'gladbach,Sippel zurück im Training,https://www.ligainsider.de/tobias-sippel_495/sippel-zurueck-im-training-411514/,0,0,0
31693,Batz,Borussia M'gladbach,Offiziell: Gladbach holt Batz aus Mainz,https://www.ligainsider.de/daniel-batz_499/offiziell-gladbach-holt-batz-aus-mainz-413514/,0,0,0
34349,Trippel,Borussia M'gladbach,,,0,0,0
32654,Nicolas,Borussia M'gladbach,Gladbach positioniert sich im Fall Nicolas,https://www.ligainsider.de/moritz-nicolas_6295/gladbach-positioniert-sich-im-fall-nicolas-414982/,0,0,0
33306,Olschowsky,Borussia M'gladbach,Glad­bach-Abschied von Olschowsky zeichnet sich ab,https://www.ligainsider.de/jan-olschowsky_20114/gladbach-abschied-von-olschowsky-zeichnet-sich-ab-414272/,0,0,0
34187,Diks,Borussia M'gladbach,Diks meldet sich wieder fit,https://www.ligainsider.de/kevin-diks_11591/diks-meldet-sich-wieder-fit-415202/,1,0,0
33778,Ullrich,Borussia M'gladbach,Ullrich meldet sich im Training zurück,https://www.ligainsider.de/lukas-ullrich_27518/ullrich-meldet-sich-im-training-zurueck-415295/,3,0,0
33601,Chiarodia,Borussia M'gladbach,Gladbach verlängert mit Chiarodia,https://www.ligainsider.de/fabio-chiarodia_26588/gladbach-verlaengert-mit-chiarodia-414191/,0,0,0
33258,Scally,Borussia M'gladbach,Scally denkt über Glad­bach-Abschied nach,https://www.ligainsider.de/joe-scally_23700/scally-denkt-ueber-gladbach-abschied-nach-413776/,0,0,0
34366,Herold,Borussia M'gladbach,Offiziell: Gladbach verpflichtet Herold vom KSC,https://www.ligainsider.de/david-herold_34927/offiziell-gladbach-verpflichtet-herold-vom-ksc-413581/,0,0,0
34439,Konoplya,Borussia M'gladbach,Offiziell: Konoplya wechselt nach Gladbach,https://www.ligainsider.de/yukhym-konoplya_26866/offiziell-konoplya-wechselt-nach-gladbach-413835/,0,0,0
32472,Elvedi,Borussia M'gladbach,Bei El­ve­di-Abgang: Gladbach hat Itakura im Visier,https://www.ligainsider.de/ko-itakura_27204/bei-elvedi-abgang-gladbach-hat-itakura-im-visier-414541/,0,0,0
34470,Leszczyński,Borussia M'gladbach,Gladbach verpflichtet Talent Leszczyński,https://www.ligainsider.de/jan-leszczynski_38925/gladbach-verpflichtet-talent-leszczy-ski-414704/,0,0,0
34435,Leopold,Borussia M'gladbach,Offiziell: Gladbach holt Leopold aus Hannover,https://www.ligainsider.de/enzo-leopold_20348/offiziell-gladbach-holt-leopold-aus-hannover-413778/,0,0,0
34459,Uno,Borussia M'gladbach,Gladbach plant Uno-Rückkehr in der kommenden Woche,https://www.ligainsider.de/zento-uno_38869/gladbach-plant-uno-rueckkehr-in-der-kommenden-woche-415308/,1,0,0
34342,Bolin,Borussia M'gladbach,Polanski erklärt späte Wechsel im Derby,https://www.ligainsider.de/borussia-moenchengladbach/5/polanski-erklaert-spaete-wechsel-im-derby-410810/,0,0,0
34270,Mohya,Borussia M'gladbach,Glad­bach-Plan: Mohya als neuer Fixpunkt,https://www.ligainsider.de/wael-mohya_38636/gladbach-plan-mohya-als-neuer-fixpunkt-414648/,0,0,0
34186,Castrop,Borussia M'gladbach,Castrop muss im Training aussetzen,https://www.ligainsider.de/jens-castrop_24405/castrop-muss-im-training-aussetzen-415347/,1,0,0
33978,Sander,Borussia M'gladbach,Castrop und Sander wieder im Training,https://www.ligainsider.de/jens-castrop_24405/castrop-und-sander-wieder-im-training-410527/,0,0,0
31985,Stöger,Borussia M'gladbach,,,0,0,0
32931,Neuhaus,Borussia M'gladbach,Neuhaus denkt nicht an Glad­bach-Abschied,https://www.ligainsider.de/florian-neuhaus_10416/neuhaus-denkt-nicht-an-gladbach-abschied-414701/,0,0,0
34481,Horvat,Borussia M'gladbach,,,0,0,0
33817,Honorat,Borussia M'gladbach,Polanski bremst Honorat vorsorglich aus,https://www.ligainsider.de/franck-honorat_23248/polanski-bremst-honorat-vorsorglich-aus-415307/,1,0,0
33938,Machino,Borussia M'gladbach,Neuer Anlauf: Machino verzichtet auf Urlaub,https://www.ligainsider.de/shuto-machino_36130/neuer-anlauf-machino-verzichtet-auf-urlaub-414568/,0,0,0
32599,Kleindienst,Borussia M'gladbach,Kleindienst plant Einsatz gegen Essen,https://www.ligainsider.de/tim-kleindienst_6321/kleindienst-plant-einsatz-gegen-essen-415241/,1,0,0
34449,Uwakhonye,Borussia M'gladbach,,,0,0,0
34447,Lidberg,Borussia M'gladbach,Offiziell: Gladbach verpflichtet Torjäger Lidberg,https://www.ligainsider.de/isac-lidberg_37438/offiziell-gladbach-verpflichtet-torjaeger-lidberg-414083/,0,0,0
32787,Hack,Borussia M'gladbach,"Hack, Engelhardt und Chiarodia dosiert unterwegs",https://www.ligainsider.de/borussia-moenchengladbach/5/hack-engelhardt-und-chiarodia-dosiert-unterwegs-413222/,0,0,0
33198,Reyna,Borussia M'gladbach,Reyna vor Glad­bach-Aus? WM entscheidet,https://www.ligainsider.de/giovanni-reyna_20760/reyna-vor-gladbach-aus-wm-entscheidet-414308/,0,0,0
33681,Ngoumou,Borussia M'gladbach,Ngoumou feiert Comeback nach über einem Jahr,https://www.ligainsider.de/nathan-ngoumou_35229/ngoumou-feiert-comeback-nach-ueber-einem-jahr-415253/,2,0,0
33819,Čvančara,Borussia M'gladbach,Čvanča­ra-Rückkehr zieht sich noch hin,https://www.ligainsider.de/tomas-cvancara_26608/van-ara-rueckkehr-zieht-sich-noch-hin-415017/,0,0,0
34334,Tangvik,Hamburger SV,Heuer Fernandes vor dritter Vertragsverlänge­rung,https://www.ligainsider.de/daniel-heuer-fernandes_6379/heuer-fernandes-vor-dritter-vertragsverlaengerung-413534/,0,0,0
32629,Heuer Fernandes,Hamburger SV,Heuer Fernandes zurück im Teamtraining,https://www.ligainsider.de/daniel-heuer-fernandes_6379/heuer-fernandes-zurueck-im-teamtraining-415270/,3,0,0
34094,Dickes,Hamburger SV,HSV-Er­satzkee­per Dickes muss operiert werden,https://www.ligainsider.de/fernando-dickes_37244/hsv-ersatzkeeper-dickes-muss-operiert-werden-410042/,0,0,0
34258,Omari,Hamburger SV,Omari meldet sich gegen Rapid fit zurück,https://www.ligainsider.de/warmed-omari_25626/omari-meldet-sich-gegen-rapid-fit-zurueck-415223/,3,0,0
34148,Muheim,Hamburger SV,Muheim zurück im Mannschafts­trai­ning,https://www.ligainsider.de/miro-muheim_26094/muheim-zurueck-im-mannschaftstraining-414556/,0,0,0
34146,Elfadli,Hamburger SV,Gespräche über Elfad­li-Zu­kunft geplant,https://www.ligainsider.de/daniel-elfadli_35221/gespraeche-ueber-elfadli-zukunft-geplant-414220/,0,0,0
34164,Agyekum,Hamburger SV,Agyekum schließt sich leihweise Viktoria Köln an,https://www.ligainsider.de/joel-agyekum_38494/agyekum-schliesst-sich-leihweise-viktoria-koeln-an-401602/,0,0,0
34354,Nandja,Hamburger SV,Leihen abgeblockt: Nandja will sich beim HSV etablieren,https://www.ligainsider.de/shafiq-nandja_38678/leihen-abgeblockt-nandja-will-sich-beim-hsv-etablieren-413712/,0,0,0
32710,Torunarigha,Hamburger SV,Torunarigha gegen Freiburg ein­satzbe­reit,https://www.ligainsider.de/jordan-torunarigha_6513/torunarigha-gegen-freiburg-einsatzbereit-413043/,0,0,0
34355,Lemke,Hamburger SV,,,0,0,0
34233,Capaldo,Hamburger SV,Capaldo schafft es in den Kader für Lever­ku­sen-Spiel,https://www.ligainsider.de/nicolas-capaldo_26628/capaldo-schafft-es-in-den-kader-fuer-leverkusen-spiel-413394/,0,0,0
34337,Grønbæk,Hamburger SV,,,0,0,0
34290,Sambi Lokonga,Hamburger SV,Lokonga trainiert wieder voll mit,https://www.ligainsider.de/albert-sambi-lokonga_18447/lokonga-trainiert-wieder-voll-mit-415312/,2,0,0
34477,Adeline,Hamburger SV,HSV macht Adeli­ne-Transfer offiziell,https://www.ligainsider.de/martin-adeline_38937/hsv-macht-adeline-transfer-offiziell-415035/,0,0,0
33935,Remberg,Hamburger SV,„Extrem wichtig“: Polzin schwärmt von Remberg,https://www.ligainsider.de/nicolai-remberg_26449/bdquo-extrem-wichtig-ldquo-polzin-schwaermt-von-remberg-411702/,0,0,0
32630,Jatta,Hamburger SV,Jatta beendet Frankfurt-Spiel angeschlagen,https://www.ligainsider.de/bakery-jatta_7056/jatta-beendet-frankfurt-spiel-angeschlagen-412764/,0,0,0
33254,Pherai,Hamburger SV,Pherai: Kein Mil­lionen-Ange­bot aus Elversberg,https://www.ligainsider.de/immanuel-pherai_14097/pherai-kein-millionen-angebot-aus-elversberg-414488/,0,0,0
33877,Amoako,Hamburger SV,Offiziell: Amoako un­terschreibt beim HSV,https://www.ligainsider.de/kofi-amoako_27549/offiziell-amoako-unterschreibt-beim-hsv-413680/,0,0,0
34462,Barkowsky,Hamburger SV,,,0,0,0
34194,Baldé,Hamburger SV,Baldé muss gegen Rapid passen,https://www.ligainsider.de/fabio-balde_37472/balde-muss-gegen-rapid-passen-415221/,2,0,0
34155,Dompé,Hamburger SV,Dompé mit schwerem Stand beim HSV,https://www.ligainsider.de/jean-luc-dompe_12020/dompe-mit-schwerem-stand-beim-hsv-415247/,1,0,0
34156,Røssing-Lelesiit,Hamburger SV,,,0,0,0
34249,Stange,Hamburger SV,Verkürzter Urlaub: Stange brennt auf HSV-Chance,https://www.ligainsider.de/otto-stange_38517/verkuerzter-urlaub-stange-brennt-auf-hsv-chance-415144/,1,0,0
34157,Sahiti,Hamburger SV,Nach Leihe: HSV sucht Abnehmer für Sahiti,https://www.ligainsider.de/emir-sahiti_38469/nach-leihe-hsv-sucht-abnehmer-fuer-sahiti-413825/,0,0,0
34216,Philippe,Hamburger SV,Zur Halbzeit raus: Polzin erklärt Wechsel von Otele,https://www.ligainsider.de/philip-otele_38813/zur-halbzeit-raus-polzin-erklaert-wechsel-von-otele-411444/,0,0,0
32591,Poulsen,Hamburger SV,Poulsen meldet sich auf dem Feld zurück,https://www.ligainsider.de/yussuf-poulsen_5765/poulsen-meldet-sich-auf-dem-feld-zurueck-412750/,0,0,0
31634,Zieler,1. FC Köln,Entscheidung gefallen: Schwäbe neuer Köln-Ka­pitän,https://www.ligainsider.de/marvin-schwaebe_2626/entscheidung-gefallen-schwaebe-neuer-koeln-kapitaen-400353/,0,0,0
33495,Köbbing,1. FC Köln,,,0,0,0
32356,Schwäbe,1. FC Köln,,,0,0,0
34241,Sebulonsen,1. FC Köln,Wagner reagiert früh: Viererkette bringt Ordnung,https://www.ligainsider.de/1-fc-koeln/15/wagner-reagiert-frueh-viererkette-bringt-ordnung-411472/,0,0,0
34352,Neumann,1. FC Köln,,,0,0,0
34267,van den Berg,1. FC Köln,Van den Berg steigert Trainingsbe­las­tung,https://www.ligainsider.de/rav-van-den-berg_38630/van-den-berg-steigert-trainingsbelastung-415267/,4,0,0
34135,Schmied,1. FC Köln,Nach Verletzung: Schmied erstmals wieder im Einsatz,https://www.ligainsider.de/joel-schmied_38328/nach-verletzung-schmied-erstmals-wieder-im-einsatz-412748/,0,0,0
34134,Pauli,1. FC Köln,Pauli fällt für erstes Testspiel der Vorbereitung aus,https://www.ligainsider.de/julian-pauli_36311/pauli-faellt-fuer-erstes-testspiel-der-vorbereitung-aus-415177/,1,0,0
33737,Bakatukanda,1. FC Köln,Leihe Verlängert: Bakatukanda bleibt in Linz,https://www.ligainsider.de/elias-bakatukanda_35775/1-fc-koeln-leihe-verlaengert-elias-bakatukanda-bleibt-in-linz-379689/,0,0,0
34137,Gazibegović,1. FC Köln,Köln stellt Gazibegović für Gespräche frei,https://www.ligainsider.de/jusuf-gazibegovic_27041/koeln-stellt-gazibegovi-fuer-gespraeche-frei-414998/,0,0,0
34444,Voufack,1. FC Köln,,,0,0,0
34478,Fürst,1. FC Köln,,,0,0,0
32744,Hübers,1. FC Köln,,,0,0,0
34323,Simpson-Pusey,1. FC Köln,,,0,0,0
34469,Lochoshvili,1. FC Köln,Lochoshvili trainiert tei­lin­teg­riert mit dem Team,https://www.ligainsider.de/luka-lochoshvili_23949/lochoshvili-trainiert-teilintegriert-mit-dem-team-415266/,2,0,0
34475,G. Mensah,1. FC Köln,,,0,0,0
34138,Harchaoui,1. FC Köln,Köln streicht sechs Spieler aus dem Trainingslager-Ka­der,https://www.ligainsider.de/1-fc-koeln/15/1-fc-koeln-streicht-sechs-spieler-aus-dem-trainingslager-kader-381361/,0,0,0
34287,Castro-Montes,1. FC Köln,,,0,0,0
34225,Kujović,1. FC Köln,Köln verleiht Kujović nach Österreich,https://www.ligainsider.de/emin-kujovic_35889/koeln-verleiht-kujovi-nach-oesterreich-408514/,0,0,0
34196,Jóhannesson,1. FC Köln,Krauß übernimmt Rolle von gesperrtem Martel,https://www.ligainsider.de/tom-krauss_20244/krauss-uebernimmt-rolle-von-gesperrtem-martel-413018/,0,0,0
33130,Krauß,1. FC Köln,,,0,0,0
32881,Maina,1. FC Köln,Maina fehlt krankheits­be­dingt im Training,https://www.ligainsider.de/linton-maina_18217/maina-fehlt-krankheitsbedingt-im-training-415265/,1,0,0
34326,Niang,1. FC Köln,Keine Option für Frankfurt: Niang hilft bei U21 aus,https://www.ligainsider.de/youssoupha-niang_38624/keine-option-fuer-frankfurt-niang-hilft-bei-u21-aus-411312/,0,0,0
34325,Schenten,1. FC Köln,Mehrere Klubs buhlen um Köln-Talent Schenten,https://www.ligainsider.de/fynn-schenten_38763/mehrere-klubs-buhlen-um-koeln-talent-schenten-414504/,0,0,0
34141,M. El Mala,1. FC Köln,,,0,0,0
34140,Rondić,1. FC Köln,Köln stellt Gazibegović für Gespräche frei,https://www.ligainsider.de/jusuf-gazibegovic_27041/koeln-stellt-gazibegovi-fuer-gespraeche-frei-414998/,0,0,0
34139,S. El Mala,1. FC Köln,,,0,0,0
33263,Ache,1. FC Köln,Diagnose da: Saison für Ache gelaufen,https://www.ligainsider.de/ragnar-ache_23720/diagnose-da-saison-fuer-ache-gelaufen-412071/,0,0,0
33185,Thielmann,1. FC Köln,Thiel­mann-Abgang? Köln wäre gesprächsbe­reit,https://www.ligainsider.de/jan-thielmann_21998/thielmann-abgang-koeln-waere-gespraechsbereit-413872/,0,0,0
33139,Bülter,1. FC Köln,,,0,0,0
32206,Waldschmidt,1. FC Köln,Waldschmidt auf dem Zettel von Hannover 96,https://www.ligainsider.de/luca-waldschmidt_2594/waldschmidt-auf-dem-zettel-von-hannover-96-414415/,0,0,0
34480,Heskey,1. FC Köln,Offiziell: Köln verpflichtet Talent Heskey,https://www.ligainsider.de/reigan-heskey_38945/offiziell-koeln-verpflichtet-talent-heskey-415186/,3,1,0
34473,Schlager,SV Werder Bremen,Schlager stellt sich Kon­kur­renzkampf bei Werder,https://www.ligainsider.de/alexander-schlager_22752/schlager-stellt-sich-konkurrenzkampf-bei-werder-415292/,2,0,0
34274,Hein,SV Werder Bremen,Schlager stellt sich Kon­kur­renzkampf bei Werder,https://www.ligainsider.de/alexander-schlager_22752/schlager-stellt-sich-konkurrenzkampf-bei-werder-415292/,2,0,0
34251,Smarkalev,SV Werder Bremen,Smarkalev will sich bei Werder weiterentwi­ckeln,https://www.ligainsider.de/stefan-smarkalev_37181/smarkalev-will-sich-bei-werder-weiterentwickeln-413753/,0,0,0
33986,Kolke,SV Werder Bremen,Offiziell: Routinier Kolke verlängert bei Werder,https://www.ligainsider.de/markus-kolke_15549/offiziell-routinier-kolke-verlaengert-bei-werder-414284/,0,0,0
33882,Malatini,SV Werder Bremen,Lynen setzt aus – Quartett arbeitet auf dem Platz,https://www.ligainsider.de/senne-lynen_35359/lynen-setzt-aus-ndash-quartett-arbeitet-auf-dem-platz-415279/,1,0,0
31929,Weiser,SV Werder Bremen,Lynen setzt aus – Quartett arbeitet auf dem Platz,https://www.ligainsider.de/senne-lynen_35359/lynen-setzt-aus-ndash-quartett-arbeitet-auf-dem-platz-415279/,1,0,0
34239,Coulibaly,SV Werder Bremen,Coulibaly fällt für Wer­der-Tests­piel aus,https://www.ligainsider.de/karim-coulibaly_38228/coulibaly-faellt-fuer-werder-testspiel-aus-415321/,1,0,0
34245,Schmetgens,SV Werder Bremen,Werder erwägt Leihe für Talent Schmetgens,https://www.ligainsider.de/mick-schmetgens_37129/werder-erwaegt-leihe-fuer-talent-schmetgens-413728/,0,0,0
34468,Höcker,SV Werder Bremen,,,0,0,0
34472,Wójcik,SV Werder Bremen,Offiziell: Werder Bremen verpflichtet Oskar Wójcik,https://www.ligainsider.de/oskar-wojcik_38922/offiziell-werder-bremen-verpflichtet-oskar-wojcik-414915/,0,0,0
33858,Deman,SV Werder Bremen,Werder plant nächste Saison fest mit Deman,https://www.ligainsider.de/olivier-deman_36310/werder-plant-naechste-saison-fest-mit-deman-413887/,0,0,0
33224,Pieper,SV Werder Bremen,Nebenmann gesucht: Star­telf-Ga­ran­tie für Pieper,https://www.ligainsider.de/amos-pieper_7061/nebenmann-gesucht-startelf-garantie-fuer-pieper-411974/,0,0,0
32120,Stark,SV Werder Bremen,Hüftprob­le­me: Stark soll ohne OP zurückkeh­ren,https://www.ligainsider.de/niklas-stark_2441/hueftprobleme-stark-soll-ohne-op-zurueckkehren-414786/,0,0,0
32754,Friedl,SV Werder Bremen,Per­sonalup­da­te aus Bremen: Trio nur anteilig im Training,https://www.ligainsider.de/sv-werder-bremen/2/personalupdate-aus-bremen-trio-nur-anteilig-im-training-412844/,0,0,0
33288,Agu,SV Werder Bremen,Agu stößt wieder zur Mannschaft,https://www.ligainsider.de/felix-agu_21590/agu-stoesst-wieder-zur-mannschaft-415302/,3,0,0
34463,Stalmach,SV Werder Bremen,Stalmach tei­lin­teg­riert im Wer­der-Trai­ning,https://www.ligainsider.de/dariusz-stalmach_38501/stalmach-teilintegriert-im-werder-training-415293/,3,0,0
34442,Chuki,SV Werder Bremen,Offiziell: Werder Bremen verpflichtet Chuki,https://www.ligainsider.de/chuki_38831/offiziell-werder-bremen-verpflichtet-chuki-413932/,0,0,0
33110,Schmid,SV Werder Bremen,Per­sonalup­da­te aus Bremen: Trio nur anteilig im Training,https://www.ligainsider.de/sv-werder-bremen/2/personalupdate-aus-bremen-trio-nur-anteilig-im-training-412844/,0,0,0
33835,Lynen,SV Werder Bremen,Lynen setzt aus – Quartett arbeitet auf dem Platz,https://www.ligainsider.de/senne-lynen_35359/lynen-setzt-aus-ndash-quartett-arbeitet-auf-dem-platz-415279/,2,0,0
33640,Stage,SV Werder Bremen,Neue Bewegung bei Stage und Hoffenheim,https://www.ligainsider.de/jens-stage_22538/neue-bewegung-bei-stage-und-hoffenheim-415337/,1,0,0
34091,Čović,SV Werder Bremen,Čović unter Beobachtung von Udinese Calcio,https://www.ligainsider.de/patrice-covic_38219/ovi-unter-beobachtung-von-udinese-calcio-413949/,0,0,0
33896,Alvero,SV Werder Bremen,Alvero wieder fit: Nachreise ins Trainingsla­ger,https://www.ligainsider.de/skelly-alvero_35903/alvero-wieder-fit-nachreise-ins-trainingslager-415322/,3,0,0
33741,Topp,SV Werder Bremen,Topp erst 2027 wieder eine Option,https://www.ligainsider.de/keke-topp_35787/topp-erst-2027-wieder-eine-option-414449/,0,0,0
34471,Erevbenagie,SV Werder Bremen,Erevbenagie erhält ersten Profi-Vertrag in Bremen,https://www.ligainsider.de/paul-erevbenagie_38929/erevbenagie-erhaelt-ersten-profi-vertrag-in-bremen-414728/,0,0,0
33687,Njinmah,SV Werder Bremen,Njinmah-Deal platzt auf der Zielgeraden,https://www.ligainsider.de/justin-njinmah_27480/njinmah-deal-platzt-auf-der-zielgeraden-415226/,2,0,0
34243,Mbangula,SV Werder Bremen,Mban­gula-Bera­ter spricht über Wer­der-Zu­kunft,https://www.ligainsider.de/samuel-mbangula_38551/mbangula-berater-spricht-ueber-werder-zukunft-413758/,0,0,0
34430,Quetant,SV Werder Bremen,Thioune: Quetant soll in Bremen reifen,https://www.ligainsider.de/kenny-quetant_38826/thioune-quetant-soll-in-bremen-reifen-413716/,0,0,0
33030,Kownacki,SV Werder Bremen,Kownacki darf sich bei Werder neu empfehlen,https://www.ligainsider.de/dawid-kownacki_12846/kownacki-darf-sich-bei-werder-neu-empfehlen-414347/,0,0,0
33520,Itten,SV Werder Bremen,Offiziell: Werder verpflichtet Itten,https://www.ligainsider.de/cedric-itten_18071/offiziell-werder-verpflichtet-itten-414399/,0,0,0
34244,Musah,SV Werder Bremen,Werder plant fest mit Salim Musah,https://www.ligainsider.de/salim-musah_37144/werder-plant-fest-mit-salim-musah-414720/,0,0,0
33923,Grüll,SV Werder Bremen,,,0,0,0
31874,Karius,FC Schalke 04,Offiziell: Torwart Karius verlängert auf Schalke,https://www.ligainsider.de/loris-karius_1641/offiziell-torwart-karius-verlaengert-auf-schalke-414098/,0,0,0
34369,Siebeking,FC Schalke 04,,,0,0,0
32225,K. Müller,FC Schalke 04,,,0,0,0
34378,Wasinski,FC Schalke 04,,,0,0,0
34377,Gantenbein,FC Schalke 04,,,0,0,0
34392,Ayhan,FC Schalke 04,Ei­gen­gewächs Ayhan soll auf Schalke bleiben,https://www.ligainsider.de/mertcan-ayhan_38514/eigengewaechs-ayhan-soll-auf-schalke-bleiben-413902/,0,0,0
34375,Noode,FC Schalke 04,,,0,0,0
34374,Leonard,FC Schalke 04,,,0,0,0
34372,Katić,FC Schalke 04,,,0,0,0
34371,Kuruçay,FC Schalke 04,Kuruçay zurück im Teamtraining,https://www.ligainsider.de/hasan-kurucay_35927/kurucay-zurueck-im-teamtraining-415047/,0,0,0
34376,V. Becker,FC Schalke 04,,,0,0,0
33843,Gosens,FC Schalke 04,Muslić schwärmt von Gosens: „Ein Bes­ser­ma­cher“,https://www.ligainsider.de/robin-gosens_16537/musli-schwaermt-von-gosens-bdquo-ein-bessermacher-ldquo-415297/,3,1,0
32331,Kalas,FC Schalke 04,,,0,0,0
32663,Donkor,FC Schalke 04,Donkor weckt Interesse in Griechenland,https://www.ligainsider.de/anton-donkor_6742/donkor-weckt-interesse-in-griechenland-415028/,0,0,0
33184,T. Becker,FC Schalke 04,,,0,0,0
34391,El-Faouzi,FC Schalke 04,,,0,0,0
32190,Karaman,FC Schalke 04,Karaman schwört Schalke die Treue,https://www.ligainsider.de/kenan-karaman_2676/karaman-schwoert-schalke-die-treue-413689/,0,0,0
34383,Bachmann,FC Schalke 04,Schalke 04 plant weiter mit Bachmann,https://www.ligainsider.de/janik-bachmann_5753/schalke-04-plant-weiter-mit-bachmann-414364/,0,0,0
34434,Vozar,FC Schalke 04,Vozar beendet Schalke-Test angeschlagen,https://www.ligainsider.de/luca-vozar_38892/vozar-beendet-schalke-test-angeschlagen-415345/,1,0,0
34382,Aouchiche,FC Schalke 04,Aouchi­che-Vertrag verlängert sich,https://www.ligainsider.de/adil-aouchiche_22176/aouchiche-vertrag-verlaengert-sich-413596/,0,0,0
34381,M. Zalazar,FC Schalke 04,,,0,0,0
34380,Grüger,FC Schalke 04,,,0,0,0
33453,D. Ljubičić,FC Schalke 04,,,0,0,0
34450,Tanaka,FC Schalke 04,Bestätigt: S04 verstärkt sich mit Tanaka,https://www.ligainsider.de/satoshi-tanaka_38876/bestaetigt-s04-verstaerkt-sich-mit-tanaka-414113/,0,0,0
32490,Porath,FC Schalke 04,Zuletzt außen vor: KSV-Coach Rapp betont große Werts­chätzung für Porath,https://www.ligainsider.de/finn-porath_6693/holstein-kiel-porath-zuletzt-aussen-vor-ndash-rapp-betont-wertschaetzung-377307/,0,0,0
34379,Schallenberg,FC Schalke 04,Schallenberg entscheidet sich für Verbleib in der 2. Bundesliga,https://www.ligainsider.de/ron-schallenberg_14580/ron-schallenberg-entscheidet-sich-fuer-verbleib-in-der-2-bundesliga-339345/,0,0,0
34385,Wallentowitz,FC Schalke 04,Union Berlin an Schalkes Wallentowitz dran,https://www.ligainsider.de/mika-wallentowitz_38784/union-berlin-an-schalkes-wallentowitz-dran-406693/,0,0,0
34386,Tchibara,FC Schalke 04,,,0,0,0
34387,Sylla,FC Schalke 04,Sylla will auf Schalke bleiben,https://www.ligainsider.de/moussa-sylla_16217/sylla-will-auf-schalke-bleiben-415300/,1,0,0
34389,E. Højlund,FC Schalke 04,,,0,0,0
33465,Lasme,FC Schalke 04,„Westfa­len-Blatt“: Saison für Lasme gelaufen,https://www.ligainsider.de/bryan-lasme_26131/arminia-bielefeld-fuer-bryan-lasme-ist-die-saison-wohl-gelaufen-320305/,0,0,0
33802,Adamu,FC Schalke 04,Schalke bestätigt Verpflichtung von Adamu,https://www.ligainsider.de/junior-adamu_24620/schalke-bestaetigt-verpflichtung-von-adamu-414178/,0,0,0
34388,C. Gomis,FC Schalke 04,,,0,0,0
34167,Lehmann,SV Elversberg,Elversberg verlängert mit Lehmann,https://www.ligainsider.de/frank-lehmann_2876/elversberg-verlaengert-mit-lehmann-413668/,0,0,0
34445,Etringer,SV Elversberg,,,0,0,0
34166,Boss,SV Elversberg,Dresden verpflichtet Torhüter Boss,https://www.ligainsider.de/tim-boss_19242/dresden-verpflichtet-torhueter-boss-248482/,0,0,0
34165,Kristof,SV Elversberg,Kristof setzt leicht angeschlagen aus,https://www.ligainsider.de/nicolas-kristof_26473/kristof-setzt-leicht-angeschlagen-aus-414737/,0,0,0
34169,Le Joncour,SV Elversberg,,,0,0,0
34170,Rohr,SV Elversberg,,,0,0,0
34396,Keidel,SV Elversberg,,,0,0,0
34393,Seifert,SV Elversberg,Elversberg muss lange auf Seifert verzichten,https://www.ligainsider.de/luis-seifert_36900/elversberg-muss-lange-auf-seifert-verzichten-414973/,0,0,0
34394,Mickelson,SV Elversberg,,,0,0,0
34482,Sirch,SV Elversberg,Offiziell: Sirch schließt sich Elversberg an,https://www.ligainsider.de/luca-sirch_26346/offiziell-sirch-schliesst-sich-elversberg-an-415283/,2,0,0
34168,Pinckert,SV Elversberg,Elversberg bleibt im Test gegen Viktoria Köln blass,https://www.ligainsider.de/sv-07-elversberg/1331/elversberg-bleibt-im-test-gegen-viktoria-koeln-blass-415181/,1,0,0
34395,Gyamerah,SV Elversberg,Gyamerah fällt gegen Regensburg aus,https://www.ligainsider.de/jan-gyamerah_5825/gyamerah-faellt-gegen-regensburg-aus-246110/,0,0,0
33451,Günther,SV Elversberg,,,0,0,0
33996,Krattenmacher,SV Elversberg,Kleine Blessur bremst Krat­ten­ma­cher aus,https://www.ligainsider.de/maurice-krattenmacher_36255/kleine-blessur-bremst-krattenmacher-aus-414738/,0,0,0
34215,Darvich,SV Elversberg,Offiziell: Elversberg holt VfB-Talent Darvich,https://www.ligainsider.de/noah-darvich_36018/offiziell-elversberg-holt-vfb-talent-darvich-414480/,0,0,0
34427,Onyeka,SV Elversberg,Offiziell: Onyeka auf Leihbasis nach Elversberg,https://www.ligainsider.de/francis-onyeka_36948/offiziell-onyeka-auf-leihbasis-nach-elversberg-414242/,0,0,0
34397,Condé,SV Elversberg,Rückkehr ins Mannschafts­trai­ning,https://www.ligainsider.de/amara-conde_6545/rueckkehr-ins-mannschaftstraining-246142/,0,0,0
34176,Schmahl,SV Elversberg,Elversberg bleibt im Test gegen Viktoria Köln blass,https://www.ligainsider.de/sv-07-elversberg/1331/elversberg-bleibt-im-test-gegen-viktoria-koeln-blass-415181/,1,0,0
34153,Poręba,SV Elversberg,Elversberg zieht Kaufoption für Poręba,https://www.ligainsider.de/lukasz-poreba_36788/elversberg-zieht-kaufoption-fuer-por-ba-414030/,0,0,0
34398,Ceka,SV Elversberg,,,0,0,0
34399,Adam,SV Elversberg,Nach Pause: Adam nimmt leichtes Training auf,https://www.ligainsider.de/raif-adam_38679/nach-pause-adam-nimmt-leichtes-training-auf-414936/,0,0,0
34180,Schnellbacher,SV Elversberg,Sorgen um Schnellba­cher: Verletzung im Test,https://www.ligainsider.de/luca-schnellbacher_6495/sorgen-um-schnellbacher-verletzung-im-test-414959/,0,0,0
34178,Gerezgiher,SV Elversberg,,,0,0,0
34177,Zimmerschied,SV Elversberg,Zimmerschied tritt angeschlagen kürzer,https://www.ligainsider.de/tom-zimmerschied_38111/zimmerschied-tritt-angeschlagen-kuerzer-415192/,1,0,0
34090,Mokwa,SV Elversberg,Elversberg verpflichtet Mokwa,https://www.ligainsider.de/david-mokwa_35765/elversberg-verpflichtet-mokwa-406373/,0,0,0
34016,Campbell,SV Elversberg,Offiziell: Campbell wechselt nach Elversberg,https://www.ligainsider.de/cole-campbell_36946/offiziell-campbell-wechselt-nach-elversberg-414853/,0,0,0
33398,Petkov,SV Elversberg,Augsburgs Petkov wechselt fest zur SV Elversberg,https://www.ligainsider.de/lukas-petkov_20088/fc-augsburgs-lukas-petkov-wechselt-fest-zur-sv-elversberg-362074/,0,0,0
33072,Pfeiffer,SV Elversberg,Pfeiffer wechselt vom VfB Stuttgart nach Elversberg,https://www.ligainsider.de/luca-pfeiffer_19196/luca-pfeiffer-wechselt-vom-vfb-stuttgart-nach-elversberg-378552/,0,0,0
33140,Schubert,SC Paderborn,Paderborn verlängert mit Torhüter Schubert,https://www.ligainsider.de/markus-schubert_8133/paderborn-verlaengert-mit-torhueter-schubert-414086/,0,0,0
33397,Noll,SC Paderborn,Noll wechselt leihweise zum SC Paderborn,https://www.ligainsider.de/nahuel-noll_24594/noll-wechselt-leihweise-zum-sc-paderborn-414519/,0,0,0
34400,Pruhs,SC Paderborn,Paderborn vor spannendem Tor­wart-Umbau,https://www.ligainsider.de/sc-paderborn-07/1249/paderborn-vor-spannendem-torwart-umbau-413849/,0,0,0
31586,F. Götze,SC Paderborn,,,0,0,0
34443,Awortwie-Grant,SC Paderborn,,,0,0,0
34440,Lippmann,SC Paderborn,Offiziell: Paderborn holt Lippmann vom TSV 1860 München,https://www.ligainsider.de/clemens-lippmann_38885/offiziell-paderborn-holt-lippmann-vom-tsv-1860-muenchen-413844/,0,0,0
34460,ter Horst,SC Paderborn,Offiziell: Paderborn verpflichtet ter Horst,https://www.ligainsider.de/jano-ter-horst_36702/offiziell-paderborn-verpflichtet-ter-horst-414343/,0,0,0
34405,Zobel,SC Paderborn,,,0,0,0
34403,Hoffmeier,SC Paderborn,Sti­cker-Sper­re: Kettemann nennt Optionen,https://www.ligainsider.de/sc-paderborn-07/1249/sticker-sperre-kettemann-nennt-optionen-413703/,0,0,0
34402,Scheller,SC Paderborn,,,0,0,0
34401,Hansen,SC Paderborn,Sti­cker-Sper­re: Kettemann nennt Optionen,https://www.ligainsider.de/sc-paderborn-07/1249/sticker-sperre-kettemann-nennt-optionen-413703/,0,0,0
34456,Obermair,SC Paderborn,Obermair zurück im Teamtraining,https://www.ligainsider.de/raphael-obermair_12780/obermair-zurueck-im-teamtraining-415051/,0,0,0
34436,Baack,SC Paderborn,Offiziell: Paderborn verpflichtet Nürnbergs Baack,https://www.ligainsider.de/tom-baack_7463/offiziell-paderborn-verpflichtet-nuernbergs-baack-413784/,0,0,0
34409,Gayret,SC Paderborn,,,0,0,0
34414,Mohr,SC Paderborn,Sti­cker-Sper­re: Kettemann nennt Optionen,https://www.ligainsider.de/sc-paderborn-07/1249/sticker-sperre-kettemann-nennt-optionen-413703/,0,0,0
34412,R. Müller,SC Paderborn,,,0,0,0
34411,Sticker,SC Paderborn,Sti­cker-Sper­re: Kettemann nennt Optionen,https://www.ligainsider.de/sc-paderborn-07/1249/sticker-sperre-kettemann-nennt-optionen-413703/,0,0,0
34410,Curda,SC Paderborn,Mainz gibt erstes Cur­da-Ange­bot ab,https://www.ligainsider.de/laurin-curda_36261/mainz-gibt-erstes-curda-angebot-ab-415033/,0,0,0
34107,Đurić,SC Paderborn,,,0,0,0
34408,Klaas,SC Paderborn,,,0,0,0
34407,Baur,SC Paderborn,Vorstoß aus Glasgow: Einigung mit Paderborns Baur,https://www.ligainsider.de/mika-baur_35751/vorstoss-aus-glasgow-einigung-mit-paderborns-baur-415303/,1,0,0
34406,Castañeda,SC Paderborn,Castañeda weckt Bun­desliga-Inte­res­se,https://www.ligainsider.de/santiago-castaneda_37450/castaneda-weckt-bundesliga-interesse-401068/,0,0,0
32087,Michel,SC Paderborn,Offiziell: Michel kehrt nach Paderborn zurück,https://www.ligainsider.de/sven-michel_2391/fc-augsburg-sven-michel-verlaesst-den-fca-in-richtung-paderborn-359284/,0,0,0
33219,Batista Meier,SC Paderborn,Offiziell: Paderborn verpflichtet Batista Meier,https://www.ligainsider.de/oliver-batista-meier_19164/offiziell-paderborn-verpflichtet-batista-meier-414495/,0,0,0
34419,Marino,SC Paderborn,,,0,0,0
34418,Millgramm,SC Paderborn,,,0,0,0
34417,Okpala,SC Paderborn,,,0,0,0
34416,Eickel,SC Paderborn,Kettemann lobt Talent Eickel: „Eine Vollmaschi­ne“,https://www.ligainsider.de/lasse-eickel_38880/kettemann-lobt-talent-eickel-bdquo-eine-vollmaschine-ldquo-415252/,1,0,0
33365,Tigges,SC Paderborn,Tigges verlässt den 1. FC Köln in Richtung Paderborn,https://www.ligainsider.de/steffen-tigges_15810/tigges-verlaesst-den-1-fc-koeln-in-richtung-paderborn-400066/,0,0,0
34415,Bätzner,SC Paderborn,,,0,0,0
